model,veri_turu,method,panel,scenario,n_rows,n_selected_features,train_rows,test_rows,accuracy,f1,f1_macro,precision,recall,mcc,pr_auc,roc_auc
TabPFN,TEMİZLENMİŞ_COMBINED,FILTER_ANOVA,MASTER,TABPFN_Ordinal_Encoding_MinMaxScaler_Eksik_Veri_Medyan,2931,30,2344,587,0.797274275979557,0.8746048472075869,0.672857979159349,0.7996146435452793,0.9651162790697676,0.4186513083423735,0.8991132478061206,0.7979410457709969
TabPFN,TEMİZLENMİŞ_COMBINED,FILTER_ANOVA,KANSER,TABPFN_Ordinal_Encoding_AL_Sifir_EK_Medyan,388,30,310,78,0.8461538461538461,0.8983050847457628,0.7912578055307762,0.828125,0.9814814814814816,0.6291775070021658,0.9165672513139088,0.8553240740740742
TabPFN,TEMİZLENMİŞ_COMBINED,FILTER_ANOVA,PAH,TABPFN_Ordinal_Encoding_MinMaxScaler_Eksik_Veri_KNNImputer,372,30,297,75,0.8666666666666667,0.9242424242424242,0.6843434343434343,0.8714285714285714,0.9838709677419356,0.4424521595673921,0.9395863819048388,0.7741935483870968
TabPFN,TEMİZLENMİŞ_COMBINED,FILTER_ANOVA,CFTR,TABPFN_Ordinal_Encoding_AL_Sifir_EK_Medyan,111,30,88,23,0.8260869565217391,0.8947368421052632,0.6973684210526316,0.8947368421052632,0.8947368421052632,0.3947368421052631,0.9546643200280966,0.8289473684210527
TabPFN,TEMİZLENMİŞ_COMBINED,FILTER_MUTUAL_INFO,MASTER,TABPFN_Ordinal_Encoding_MinMaxScaler_Eksik_Veri_Medyan,2931,30,2344,587,0.817717206132879,0.8809788654060067,0.7459439781575488,0.8443496801705757,0.9209302325581395,0.5035995749002969,0.91486591809839,0.8374314916308695
TabPFN,TEMİZLENMİŞ_COMBINED,FILTER_MUTUAL_INFO,KANSER,TABPFN_Ordinal_Encoding_AL_Sifir_EK_Medyan,388,30,310,78,0.8717948717948718,0.912280701754386,0.8370927318295739,0.8666666666666667,0.9629629629629628,0.6897247020435424,0.8834403686029777,0.8665123456790124
TabPFN,TEMİZLENMİŞ_COMBINED,FILTER_MUTUAL_INFO,PAH,TABPFN_Ordinal_Encoding_MinMaxScaler_Eksik_Veri_KNNImputer,372,30,297,75,0.8533333333333334,0.9172932330827068,0.6351172047766475,0.8591549295774648,0.9838709677419356,0.361592498551287,0.9322743777992466,0.7704714640198511
TabPFN,TEMİZLENMİŞ_COMBINED,FILTER_MUTUAL_INFO,CFTR,TABPFN_Ordinal_Encoding_AL_Sifir_EK_Medyan,111,30,88,23,0.8260869565217391,0.8947368421052632,0.6973684210526316,0.8947368421052632,0.8947368421052632,0.3947368421052631,0.9453285127596676,0.7763157894736842
TabPFN,TEMİZLENMİŞ_COMBINED,WRAPPER_RFE,MASTER,TABPFN_Ordinal_Encoding_MinMaxScaler_Eksik_Veri_Medyan,2931,30,2344,587,0.8398637137989778,0.8980477223427332,0.7625159246634301,0.8414634146341463,0.9627906976744186,0.5600189204735442,0.9129460412557184,0.8432824766701229
TabPFN,TEMİZLENMİŞ_COMBINED,WRAPPER_RFE,KANSER,TABPFN_Ordinal_Encoding_AL_Sifir_EK_Medyan,388,30,310,78,0.8974358974358975,0.9298245614035088,0.8696741854636592,0.8833333333333333,0.9814814814814816,0.7556542691506458,0.9037644227510124,0.871141975308642
TabPFN,TEMİZLENMİŞ_COMBINED,WRAPPER_RFE,PAH,TABPFN_Ordinal_Encoding_MinMaxScaler_Eksik_Veri_KNNImputer,372,30,297,75,0.8266666666666667,0.9037037037037036,0.5185185185185185,0.8356164383561644,0.9838709677419356,0.1428407530914656,0.9350211063298632,0.7667493796526055
TabPFN,TEMİZLENMİŞ_COMBINED,WRAPPER_RFE,CFTR,TABPFN_Ordinal_Encoding_AL_Sifir_EK_Medyan,111,30,88,23,0.8260869565217391,0.8947368421052632,0.6973684210526316,0.8947368421052632,0.8947368421052632,0.3947368421052631,0.9579551905717676,0.8157894736842104
TabPFN,TEMİZLENMİŞ_COMBINED,EMBEDDED,MASTER,TABPFN_Ordinal_Encoding_MinMaxScaler_Eksik_Veri_Medyan,2931,30,2344,587,0.8398637137989778,0.8973799126637555,0.7665194136962188,0.845679012345679,0.955813953488372,0.5606996522123047,0.9124877311126606,0.8413420234039402
TabPFN,TEMİZLENMİŞ_COMBINED,EMBEDDED,KANSER,TABPFN_Ordinal_Encoding_AL_Sifir_EK_Medyan,388,30,310,78,0.8974358974358975,0.9298245614035088,0.8696741854636592,0.8833333333333333,0.9814814814814816,0.7556542691506458,0.901831049129881,0.864969135802469
TabPFN,TEMİZLENMİŞ_COMBINED,EMBEDDED,PAH,TABPFN_Ordinal_Encoding_MinMaxScaler_Eksik_Veri_KNNImputer,372,30,297,75,0.8533333333333334,0.9185185185185184,0.5925925925925926,0.8493150684931506,1.0,0.3614745588437089,0.9328490726961444,0.7568238213399503
TabPFN,TEMİZLENMİŞ_COMBINED,EMBEDDED,CFTR,TABPFN_Ordinal_Encoding_AL_Sifir_EK_Medyan,111,30,88,23,0.8260869565217391,0.8947368421052632,0.6973684210526316,0.8947368421052632,0.8947368421052632,0.3947368421052631,0.9705096874752948,0.8552631578947368
TabPFN,TEMİZLENMİŞ_COMBINED,FILTER_ANOVA + WRAPPER_RFE,MASTER,TABPFN_Ordinal_Encoding_MinMaxScaler_Eksik_Veri_Medyan,2931,52,2344,587,0.848381601362862,0.9033659066232356,0.7757936252483767,0.8472505091649695,0.9674418604651164,0.5860959292352379,0.92568497243243,0.8604651162790697
TabPFN,TEMİZLENMİŞ_COMBINED,FILTER_ANOVA + WRAPPER_RFE,KANSER,TABPFN_Ordinal_Encoding_AL_Sifir_EK_Medyan,388,52,310,78,0.8717948717948718,0.9107142857142856,0.8417207792207793,0.8793103448275862,0.9444444444444444,0.6899837579297765,0.8945898966553291,0.8734567901234569
TabPFN,TEMİZLENMİŞ_COMBINED,FILTER_ANOVA + WRAPPER_RFE,PAH,TABPFN_Ordinal_Encoding_MinMaxScaler_Eksik_Veri_KNNImputer,372,49,297,75,0.8666666666666667,0.9253731343283582,0.6501865671641791,0.8611111111111112,1.0,0.4457779141208643,0.9314066096420544,0.7803970223325062
TabPFN,TEMİZLENMİŞ_COMBINED,FILTER_ANOVA + WRAPPER_RFE,CFTR,TABPFN_Ordinal_Encoding_AL_Sifir_EK_Medyan,111,50,88,23,0.8260869565217391,0.8947368421052632,0.6973684210526316,0.8947368421052632,0.8947368421052632,0.3947368421052631,0.9728822155068688,0.868421052631579
TabPFN,TEMİZLENMİŞ_COMBINED,FILTER_ANOVA + EMBEDDED,MASTER,TABPFN_Ordinal_Encoding_MinMaxScaler_Eksik_Veri_Medyan,2931,52,2344,587,0.8534923339011925,0.9067245119305856,0.7827273353303722,0.8495934959349594,0.972093023255814,0.6018182855085712,0.9289894520145996,0.8624648200266628
TabPFN,TEMİZLENMİŞ_COMBINED,FILTER_ANOVA + EMBEDDED,KANSER,TABPFN_Ordinal_Encoding_AL_Sifir_EK_Medyan,388,52,310,78,0.8846153846153846,0.9217391304347826,0.8511134676564157,0.8688524590163934,0.9814814814814816,0.724581776385293,0.8880738691477388,0.8819444444444445
TabPFN,TEMİZLENMİŞ_COMBINED,FILTER_ANOVA + EMBEDDED,PAH,TABPFN_Ordinal_Encoding_MinMaxScaler_Eksik_Veri_KNNImputer,372,45,297,75,0.8666666666666667,0.9253731343283582,0.6501865671641791,0.8611111111111112,1.0,0.4457779141208643,0.943394410002387,0.78287841191067
TabPFN,TEMİZLENMİŞ_COMBINED,FILTER_ANOVA + EMBEDDED,CFTR,TABPFN_Ordinal_Encoding_AL_Sifir_EK_Medyan,111,49,88,23,0.8260869565217391,0.8947368421052632,0.6973684210526316,0.8947368421052632,0.8947368421052632,0.3947368421052631,0.9815398567720546,0.9078947368421052
TabPFN,TEMİZLENMİŞ_COMBINED,FILTER_MUTUAL_INFO + WRAPPER_RFE,MASTER,TABPFN_Ordinal_Encoding_MinMaxScaler_Eksik_Veri_Medyan,2931,42,2344,587,0.8551959114139693,0.9079089924160346,0.7846317870446706,0.8498985801217038,0.9744186046511628,0.6072039732095807,0.9158269183749754,0.8522144867427047
TabPFN,TEMİZLENMİŞ_COMBINED,FILTER_MUTUAL_INFO + WRAPPER_RFE,KANSER,TABPFN_Ordinal_Encoding_AL_Sifir_EK_Medyan,388,40,310,78,0.8846153846153846,0.9203539823008848,0.8555258283597448,0.8813559322033898,0.9629629629629628,0.7217951267331445,0.8967846561752716,0.841820987654321
TabPFN,TEMİZLENMİŞ_COMBINED,FILTER_MUTUAL_INFO + WRAPPER_RFE,PAH,TABPFN_Ordinal_Encoding_MinMaxScaler_Eksik_Veri_KNNImputer,372,52,297,75,0.88,0.9323308270676692,0.7014595311808933,0.8732394366197183,1.0,0.5183522522584925,0.9104876641911313,0.7344913151364765
TabPFN,TEMİZLENMİŞ_COMBINED,FILTER_MUTUAL_INFO + WRAPPER_RFE,CFTR,TABPFN_Ordinal_Encoding_AL_Sifir_EK_Medyan,111,44,88,23,0.782608695652174,0.8648648648648649,0.6546546546546547,0.8888888888888888,0.8421052631578947,0.3143730417143384,0.9337710105511958,0.736842105263158
TabPFN,TEMİZLENMİŞ_COMBINED,FILTER_MUTUAL_INFO + EMBEDDED,MASTER,TABPFN_Ordinal_Encoding_MinMaxScaler_Eksik_Veri_Medyan,2931,43,2344,587,0.8466780238500852,0.9021739130434784,0.7739216021910305,0.8469387755102041,0.9651162790697676,0.5808900452321368,0.9239729333100922,0.8545400681380536
TabPFN,TEMİZLENMİŞ_COMBINED,FILTER_MUTUAL_INFO + EMBEDDED,KANSER,TABPFN_Ordinal_Encoding_AL_Sifir_EK_Medyan,388,39,310,78,0.8717948717948718,0.912280701754386,0.8370927318295739,0.8666666666666667,0.9629629629629628,0.6897247020435424,0.8826042325456557,0.8449074074074074
TabPFN,TEMİZLENMİŞ_COMBINED,FILTER_MUTUAL_INFO + EMBEDDED,PAH,TABPFN_Ordinal_Encoding_MinMaxScaler_Eksik_Veri_KNNImputer,372,54,297,75,0.8533333333333334,0.9172932330827068,0.6351172047766475,0.8591549295774648,0.9838709677419356,0.361592498551287,0.9133372982954752,0.7332506203473945
TabPFN,TEMİZLENMİŞ_COMBINED,FILTER_MUTUAL_INFO + EMBEDDED,CFTR,TABPFN_Ordinal_Encoding_AL_Sifir_EK_Medyan,111,48,88,23,0.8260869565217391,0.8947368421052632,0.6973684210526316,0.8947368421052632,0.8947368421052632,0.3947368421052631,0.9789236671752556,0.894736842105263
TabPFN,TEMİZLENMİŞ_COMBINED,WRAPPER_RFE + EMBEDDED,MASTER,TABPFN_Ordinal_Encoding_MinMaxScaler_Eksik_Veri_Medyan,2931,31,2344,587,0.8500851788756388,0.9043478260869564,0.7789455665867853,0.8489795918367347,0.9674418604651164,0.5912526787696316,0.9121163176047362,0.8539327507035994
TabPFN,TEMİZLENMİŞ_COMBINED,WRAPPER_RFE + EMBEDDED,KANSER,TABPFN_Ordinal_Encoding_AL_Sifir_EK_Medyan,388,31,310,78,0.8974358974358975,0.9298245614035088,0.8696741854636592,0.8833333333333333,0.9814814814814816,0.7556542691506458,0.8805208073225628,0.8842592592592592
TabPFN,TEMİZLENMİŞ_COMBINED,WRAPPER_RFE + EMBEDDED,PAH,TABPFN_Ordinal_Encoding_MinMaxScaler_Eksik_Veri_KNNImputer,372,40,297,75,0.84,0.9104477611940298,0.5802238805970149,0.8472222222222222,0.9838709677419356,0.266028755201161,0.9481000154238702,0.7990074441687345
TabPFN,TEMİZLENMİŞ_COMBINED,WRAPPER_RFE + EMBEDDED,CFTR,TABPFN_Ordinal_Encoding_AL_Sifir_EK_Medyan,111,38,88,23,0.782608695652174,0.8648648648648649,0.6546546546546547,0.8888888888888888,0.8421052631578947,0.3143730417143384,0.9769473825902752,0.881578947368421
TabPFN,TEMİZLENMİŞ_COMBINED,FILTER_ANOVA + WRAPPER_RFE + EMBEDDED,MASTER,TABPFN_Ordinal_Encoding_MinMaxScaler_Eksik_Veri_Medyan,2931,53,2344,587,0.8364565587734242,0.8956521739130435,0.7588497090037658,0.8408163265306122,0.958139534883721,0.5498021446196526,0.9214895063492164,0.8515775440675455
TabPFN,TEMİZLENMİŞ_COMBINED,FILTER_ANOVA + WRAPPER_RFE + EMBEDDED,KANSER,TABPFN_Ordinal_Encoding_AL_Sifir_EK_Medyan,388,53,310,78,0.8589743589743589,0.9009009009009008,0.8282282282282283,0.8771929824561403,0.925925925925926,0.6599670323600246,0.8774371840202023,0.8449074074074074
TabPFN,TEMİZLENMİŞ_COMBINED,FILTER_ANOVA + WRAPPER_RFE + EMBEDDED,PAH,TABPFN_Ordinal_Encoding_MinMaxScaler_Eksik_Veri_KNNImputer,372,55,297,75,0.88,0.9323308270676692,0.7014595311808933,0.8732394366197183,1.0,0.5183522522584925,0.9446784442799784,0.7754342431761787
TabPFN,TEMİZLENMİŞ_COMBINED,FILTER_ANOVA + WRAPPER_RFE + EMBEDDED,CFTR,TABPFN_Ordinal_Encoding_AL_Sifir_EK_Medyan,111,55,88,23,0.8260869565217391,0.8947368421052632,0.6973684210526316,0.8947368421052632,0.8947368421052632,0.3947368421052631,0.9789236671752556,0.894736842105263
TabPFN,TEMİZLENMİŞ_COMBINED,FILTER_MUTUAL_INFO + WRAPPER_RFE + EMBEDDED,MASTER,TABPFN_Ordinal_Encoding_MinMaxScaler_Eksik_Veri_Medyan,2931,43,2344,587,0.8568994889267462,0.9084967320261438,0.7901858660130718,0.8545081967213115,0.9697674418604652,0.6117851181702942,0.9313695448799338,0.86233150644349
TabPFN,TEMİZLENMİŞ_COMBINED,FILTER_MUTUAL_INFO + WRAPPER_RFE + EMBEDDED,KANSER,TABPFN_Ordinal_Encoding_AL_Sifir_EK_Medyan,388,40,310,78,0.8846153846153846,0.9203539823008848,0.8555258283597448,0.8813559322033898,0.9629629629629628,0.7217951267331445,0.8967846561752716,0.841820987654321
TabPFN,TEMİZLENMİŞ_COMBINED,FILTER_MUTUAL_INFO + WRAPPER_RFE + EMBEDDED,PAH,TABPFN_Ordinal_Encoding_MinMaxScaler_Eksik_Veri_KNNImputer,372,61,297,75,0.84,0.9090909090909092,0.6212121212121212,0.8571428571428571,0.967741935483871,0.3012440235352456,0.9092546068824884,0.7270471464019851
TabPFN,TEMİZLENMİŞ_COMBINED,FILTER_MUTUAL_INFO + WRAPPER_RFE + EMBEDDED,CFTR,TABPFN_Ordinal_Encoding_AL_Sifir_EK_Medyan,111,52,88,23,0.782608695652174,0.8648648648648649,0.6546546546546547,0.8888888888888888,0.8421052631578947,0.3143730417143384,0.9789236671752556,0.894736842105263
