model,k,method,panel,veri_turu,n_rows,n_selected_features,train_rows,test_rows,accuracy,f1,f1_macro,precision,recall,mcc,pr_auc,roc_auc
TabPFN,10,FILTER_ANOVA,MASTER,TEMİZLENMİŞ,2931,10,2344,587,0.7853492333901193,0.8676470588235294,0.650039745627981,0.7911877394636015,0.9604651162790697,0.375488171336591,0.8850189553613255,0.7706561990816175
TabPFN,10,FILTER_MUTUAL_INFO,MASTER,TEMİZLENMİŞ,2931,10,2344,587,0.807495741056218,0.8788853161843515,0.7050028240672794,0.8151093439363817,0.9534883720930233,0.45648447492400673,0.8862452503172504,0.7831802695896904
TabPFN,10,WRAPPER_RFE,MASTER,TEMİZLENMİŞ,2931,10,2344,587,0.8296422487223168,0.8903508771929824,0.7543357439400027,0.8423236514522822,0.9441860465116279,0.5314069043466939,0.9110151168790577,0.8300103688342468
TabPFN,10,EMBEDDED,MASTER,TEMİZLENMİŞ,2931,10,2344,587,0.8057921635434412,0.8784648187633263,0.6977069856528495,0.8110236220472441,0.958139534883721,0.44963554240622455,0.8869087198740178,0.7932084135683604
TabPFN,10,FILTER_ANOVA + WRAPPER_RFE,MASTER,TEMİZLENMİŞ,2931,16,2344,587,0.8313458262350937,0.8945686900958466,0.7366460471755829,0.825147347740668,0.9767441860465116,0.5344645599017488,0.9093642272749011,0.8259517108576506
TabPFN,10,FILTER_ANOVA + EMBEDDED,MASTER,TEMİZLENMİŞ,2931,15,2344,587,0.8023850085178875,0.8765957446808511,0.6904346244771777,0.807843137254902,0.958139534883721,0.4378410444602249,0.891756312768539,0.7935861353873499
TabPFN,10,FILTER_MUTUAL_INFO + WRAPPER_RFE,MASTER,TEMİZLENMİŞ,2931,15,2344,587,0.8313458262350937,0.8922742110990207,0.7520194584906869,0.8384458077709611,0.9534883720930233,0.534468435938668,0.9063424305296434,0.8328395793215819
TabPFN,10,FILTER_MUTUAL_INFO + EMBEDDED,MASTER,TEMİZLENMİŞ,2931,15,2344,587,0.8109028960817717,0.881283422459893,0.7084241380081892,0.8158415841584158,0.958139534883721,0.4670407494672819,0.8988404148005347,0.7987631462005629
TabPFN,10,WRAPPER_RFE + EMBEDDED,MASTER,TEMİZLENMİŞ,2931,14,2344,587,0.82793867120954,0.8903365906623235,0.7455635522481578,0.835030549898167,0.9534883720930233,0.5236608114938276,0.9105223976002397,0.8407495185898386
TabPFN,10,FILTER_ANOVA + WRAPPER_RFE + EMBEDDED,MASTER,TEMİZLENMİŞ,2931,19,2344,587,0.8364565587734242,0.896774193548387,0.7516657852987837,0.834,0.9697674418604652,0.5495173730867755,0.9192646463578027,0.8455191823433565
TabPFN,10,FILTER_MUTUAL_INFO + WRAPPER_RFE + EMBEDDED,MASTER,TEMİZLENMİŞ,2931,18,2344,587,0.838160136286201,0.8966267682263329,0.7620388743092449,0.8425357873210634,0.958139534883721,0.555108763037089,0.9093083289766344,0.8325581395348837
TabPFN,10,FILTER_ANOVA,KANSER,TEMİZLENMİŞ,388,10,310,78,0.8589743589743589,0.9009009009009009,0.8282282282282283,0.8771929824561403,0.9259259259259259,0.6599670323600246,0.8914012874721917,0.8321759259259258
TabPFN,10,FILTER_MUTUAL_INFO,KANSER,TEMİZLENMİŞ,388,10,310,78,0.8846153846153846,0.9217391304347826,0.8511134676564157,0.8688524590163934,0.9814814814814815,0.724581776385293,0.8798729463710552,0.8441358024691358
TabPFN,10,WRAPPER_RFE,KANSER,TEMİZLENMİŞ,388,10,310,78,0.9102564102564102,0.9391304347826087,0.8841993637327678,0.8852459016393442,1.0,0.7918643699067844,0.9219311323419452,0.8827160493827161
TabPFN,10,EMBEDDED,KANSER,TEMİZLENMİŞ,388,10,310,78,0.8589743589743589,0.8990825688073395,0.8325200078079251,0.8909090909090909,0.9074074074074074,0.6654138425867143,0.8947477870905843,0.8703703703703703
TabPFN,10,FILTER_ANOVA + WRAPPER_RFE,KANSER,TEMİZLENMİŞ,388,16,310,78,0.8974358974358975,0.9298245614035088,0.8696741854636592,0.8833333333333333,0.9814814814814815,0.7556542691506458,0.9070701450796095,0.8611111111111112
TabPFN,10,FILTER_ANOVA + EMBEDDED,KANSER,TEMİZLENMİŞ,388,16,310,78,0.8846153846153846,0.9217391304347826,0.8511134676564157,0.8688524590163934,0.9814814814814815,0.724581776385293,0.9003675364799847,0.8572530864197531
TabPFN,10,FILTER_MUTUAL_INFO + WRAPPER_RFE,KANSER,TEMİZLENMİŞ,388,16,310,78,0.8974358974358975,0.9298245614035088,0.8696741854636592,0.8833333333333333,0.9814814814814815,0.7556542691506458,0.9095923985085405,0.8811728395061729
TabPFN,10,FILTER_MUTUAL_INFO + EMBEDDED,KANSER,TEMİZLENMİŞ,388,17,310,78,0.8717948717948718,0.9122807017543859,0.8370927318295739,0.8666666666666667,0.9629629629629629,0.6897247020435424,0.9085605799235058,0.8765432098765432
TabPFN,10,WRAPPER_RFE + EMBEDDED,KANSER,TEMİZLENMİŞ,388,14,310,78,0.8589743589743589,0.9009009009009009,0.8282282282282283,0.8771929824561403,0.9259259259259259,0.6599670323600246,0.9239556420430555,0.8858024691358024
TabPFN,10,FILTER_ANOVA + WRAPPER_RFE + EMBEDDED,KANSER,TEMİZLENMİŞ,388,20,310,78,0.8974358974358975,0.9298245614035088,0.8696741854636592,0.8833333333333333,0.9814814814814815,0.7556542691506458,0.8957863804341957,0.8541666666666667
TabPFN,10,FILTER_MUTUAL_INFO + WRAPPER_RFE + EMBEDDED,KANSER,TEMİZLENMİŞ,388,19,310,78,0.8846153846153846,0.9203539823008849,0.8555258283597448,0.8813559322033898,0.9629629629629629,0.7217951267331445,0.9074142355287954,0.8765432098765431
TabPFN,10,FILTER_ANOVA,PAH,TEMİZLENMİŞ,372,10,297,75,0.8533333333333334,0.9185185185185185,0.5925925925925926,0.8493150684931506,1.0,0.3614745588437089,0.8624802850085891,0.6538461538461537
TabPFN,10,FILTER_MUTUAL_INFO,PAH,TEMİZLENMİŞ,372,10,297,75,0.8266666666666667,0.9051094890510949,0.45255474452554745,0.8266666666666667,1.0,0.0,0.9140261508124362,0.7245657568238213
TabPFN,10,WRAPPER_RFE,PAH,TEMİZLENMİŞ,372,10,297,75,0.8133333333333334,0.8955223880597015,0.5102611940298507,0.8333333333333334,0.967741935483871,0.08627959628145761,0.9221093089793937,0.7196029776674938
TabPFN,10,EMBEDDED,PAH,TEMİZLENMİŞ,372,10,297,75,0.84,0.9117647058823529,0.5273109243697479,0.8378378378378378,1.0,0.2538682029106135,0.9320480486285928,0.7593052109181141
TabPFN,10,FILTER_ANOVA + WRAPPER_RFE,PAH,TEMİZLENMİŞ,372,16,297,75,0.8266666666666667,0.9051094890510949,0.45255474452554745,0.8266666666666667,1.0,0.0,0.920052308601844,0.7196029776674938
TabPFN,10,FILTER_ANOVA + EMBEDDED,PAH,TEMİZLENMİŞ,372,18,297,75,0.84,0.9117647058823529,0.5273109243697479,0.8378378378378378,1.0,0.2538682029106135,0.9177045783098774,0.7009925558312654
TabPFN,10,FILTER_MUTUAL_INFO + WRAPPER_RFE,PAH,TEMİZLENMİŞ,372,18,297,75,0.8533333333333334,0.9185185185185185,0.5925925925925926,0.8493150684931506,1.0,0.3614745588437089,0.9324599386384002,0.7456575682382134
TabPFN,10,FILTER_MUTUAL_INFO + EMBEDDED,PAH,TEMİZLENMİŞ,372,17,297,75,0.84,0.9104477611940298,0.5802238805970149,0.8472222222222222,0.9838709677419355,0.266028755201161,0.9235438466309692,0.7258064516129032
TabPFN,10,WRAPPER_RFE + EMBEDDED,PAH,TEMİZLENMİŞ,372,14,297,75,0.84,0.9117647058823529,0.5273109243697479,0.8378378378378378,1.0,0.2538682029106135,0.9237088840311941,0.7307692307692306
TabPFN,10,FILTER_ANOVA + WRAPPER_RFE + EMBEDDED,PAH,TEMİZLENMİŞ,372,20,297,75,0.84,0.9117647058823529,0.5273109243697479,0.8378378378378378,1.0,0.2538682029106135,0.9209949192840606,0.7133995037220844
TabPFN,10,FILTER_MUTUAL_INFO + WRAPPER_RFE + EMBEDDED,PAH,TEMİZLENMİŞ,372,21,297,75,0.8266666666666667,0.9051094890510949,0.45255474452554745,0.8266666666666667,1.0,0.0,0.9421119470875263,0.7729528535980149
TabPFN,10,FILTER_ANOVA,CFTR,TEMİZLENMİŞ,111,10,88,23,0.8695652173913043,0.9230769230769231,0.7472527472527473,0.9,0.9473684210526315,0.5034965460952284,0.9099990761144416,0.6710526315789473
TabPFN,10,FILTER_MUTUAL_INFO,CFTR,TEMİZLENMİŞ,111,10,88,23,0.9130434782608695,0.95,0.8083333333333333,0.9047619047619048,1.0,0.6725927091345493,0.9546643200280966,0.8289473684210527
TabPFN,10,WRAPPER_RFE,CFTR,TEMİZLENMİŞ,111,10,88,23,0.8695652173913043,0.9230769230769231,0.7472527472527473,0.9,0.9473684210526315,0.5034965460952284,0.9144849411266225,0.6973684210526315
TabPFN,10,EMBEDDED,CFTR,TEMİZLENMİŞ,111,10,88,23,0.8695652173913043,0.9230769230769231,0.7472527472527473,0.9,0.9473684210526315,0.5034965460952284,0.9057130113020613,0.6842105263157894
TabPFN,10,FILTER_ANOVA + WRAPPER_RFE,CFTR,TEMİZLENMİŞ,111,17,88,23,0.8260869565217391,0.8947368421052632,0.6973684210526316,0.8947368421052632,0.8947368421052632,0.39473684210526316,0.9400653548649307,0.763157894736842
TabPFN,10,FILTER_ANOVA + EMBEDDED,CFTR,TEMİZLENMİŞ,111,16,88,23,0.8695652173913043,0.9230769230769231,0.7472527472527473,0.9,0.9473684210526315,0.5034965460952284,0.9146058728265016,0.7236842105263158
TabPFN,10,FILTER_MUTUAL_INFO + WRAPPER_RFE,CFTR,TEMİZLENMİŞ,111,16,88,23,0.8695652173913043,0.9230769230769231,0.7472527472527473,0.9,0.9473684210526315,0.5034965460952284,0.9513094416039662,0.8289473684210527
TabPFN,10,FILTER_MUTUAL_INFO + EMBEDDED,CFTR,TEMİZLENMİŞ,111,16,88,23,0.8695652173913043,0.9230769230769231,0.7472527472527473,0.9,0.9473684210526315,0.5034965460952284,0.9071497324756246,0.7236842105263157
TabPFN,10,WRAPPER_RFE + EMBEDDED,CFTR,TEMİZLENMİŞ,111,12,88,23,0.8695652173913043,0.9230769230769231,0.7472527472527473,0.9,0.9473684210526315,0.5034965460952284,0.8894992098479853,0.6447368421052632
TabPFN,10,FILTER_ANOVA + WRAPPER_RFE + EMBEDDED,CFTR,TEMİZLENMİŞ,111,18,88,23,0.8695652173913043,0.9230769230769231,0.7472527472527473,0.9,0.9473684210526315,0.5034965460952284,0.9453285127596676,0.7763157894736842
TabPFN,10,FILTER_MUTUAL_INFO + WRAPPER_RFE + EMBEDDED,CFTR,TEMİZLENMİŞ,111,18,88,23,0.8695652173913043,0.9230769230769231,0.7472527472527473,0.9,0.9473684210526315,0.5034965460952284,0.9321024328540215,0.7763157894736842
TabPFN,20,FILTER_ANOVA,MASTER,TEMİZLENMİŞ,2931,20,2344,587,0.817717206132879,0.88604898828541,0.7153649196746199,0.8172888015717092,0.9674418604651163,0.4891113692024605,0.9016211145950759,0.8067989927418161
TabPFN,20,FILTER_MUTUAL_INFO,MASTER,TEMİZLENMİŞ,2931,20,2344,587,0.8194207836456558,0.8862660944206009,0.7241247827474906,0.8227091633466136,0.9604651162790697,0.4950653422245226,0.9041576255141428,0.8151088727595912
TabPFN,20,WRAPPER_RFE,MASTER,TEMİZLENMİŞ,2931,20,2344,587,0.8364565587734242,0.896328293736501,0.7546157597714763,0.8366935483870968,0.9651162790697675,0.5493577063406047,0.9064700985307048,0.8380684343060287
TabPFN,20,EMBEDDED,MASTER,TEMİZLENMİŞ,2931,20,2344,587,0.8364565587734242,0.896774193548387,0.7516657852987837,0.834,0.9697674418604652,0.5495173730867755,0.9198648838133633,0.8482002666271663
TabPFN,20,FILTER_ANOVA + WRAPPER_RFE,MASTER,TEMİZLENMİŞ,2931,32,2344,587,0.8330494037478705,0.8943965517241379,0.7480112839921502,0.8333333333333334,0.9651162790697675,0.5386575069575127,0.9078328633393815,0.8386461264997779
TabPFN,20,FILTER_ANOVA + EMBEDDED,MASTER,TEMİZLENMİŞ,2931,32,2344,587,0.8364565587734242,0.896551724137931,0.7531539108494534,0.8353413654618473,0.9674418604651163,0.5493886101845299,0.9078426009974183,0.8399051992297437
TabPFN,20,FILTER_MUTUAL_INFO + WRAPPER_RFE,MASTER,TEMİZLENMİŞ,2931,28,2344,587,0.8194207836456558,0.8865096359743041,0.7224214846538187,0.8214285714285714,0.9627906976744186,0.4948622810102983,0.9008786552194719,0.8170937638868315
TabPFN,20,FILTER_MUTUAL_INFO + EMBEDDED,MASTER,TEMİZLENMİŞ,2931,29,2344,587,0.8364565587734242,0.8961038961038961,0.7560519480519481,0.8380566801619433,0.9627906976744186,0.5494194597958071,0.9194649541113278,0.8471041327210783
TabPFN,20,WRAPPER_RFE + EMBEDDED,MASTER,TEMİZLENMİŞ,2931,25,2344,587,0.8347529812606473,0.895361380798274,0.7513244150954932,0.8350100603621731,0.9651162790697675,0.5440202362025011,0.9172604339902088,0.846052436676048
TabPFN,20,FILTER_ANOVA + WRAPPER_RFE + EMBEDDED,MASTER,TEMİZLENMİŞ,2931,37,2344,587,0.8330494037478705,0.8941684665226782,0.7495035881000488,0.8346774193548387,0.9627906976744186,0.5387238077875318,0.9169211762505602,0.8541697526292401
TabPFN,20,FILTER_MUTUAL_INFO + WRAPPER_RFE + EMBEDDED,MASTER,TEMİZLENMİŞ,2931,32,2344,587,0.8330494037478705,0.8946236559139785,0.7464921558258417,0.832,0.9674418604651163,0.538685353945705,0.8964197326867526,0.812472226336839
TabPFN,20,FILTER_ANOVA,KANSER,TEMİZLENMİŞ,388,20,310,78,0.8717948717948718,0.9122807017543859,0.8370927318295739,0.8666666666666667,0.9629629629629629,0.6897247020435424,0.8508684268302507,0.8229166666666667
TabPFN,20,FILTER_MUTUAL_INFO,KANSER,TEMİZLENMİŞ,388,20,310,78,0.8461538461538461,0.896551724137931,0.7982758620689655,0.8387096774193549,0.9629629629629629,0.62441729108427,0.8701786399320446,0.841820987654321
TabPFN,20,WRAPPER_RFE,KANSER,TEMİZLENMİŞ,388,20,310,78,0.8974358974358975,0.9298245614035088,0.8696741854636592,0.8833333333333333,0.9814814814814815,0.7556542691506458,0.8646172009284124,0.8603395061728395
TabPFN,20,EMBEDDED,KANSER,TEMİZLENMİŞ,388,20,310,78,0.8846153846153846,0.9203539823008849,0.8555258283597448,0.8813559322033898,0.9629629629629629,0.7217951267331445,0.8677413409605662,0.8472222222222222
TabPFN,20,FILTER_ANOVA + WRAPPER_RFE,KANSER,TEMİZLENMİŞ,388,34,310,78,0.8974358974358975,0.9310344827586207,0.8655172413793104,0.8709677419354839,1.0,0.762000762001143,0.8870401530855825,0.8734567901234569
TabPFN,20,FILTER_ANOVA + EMBEDDED,KANSER,TEMİZLENMİŞ,388,31,310,78,0.8846153846153846,0.9203539823008849,0.8555258283597448,0.8813559322033898,0.9629629629629629,0.7217951267331445,0.8652951100131637,0.8572530864197531
TabPFN,20,FILTER_MUTUAL_INFO + WRAPPER_RFE,KANSER,TEMİZLENMİŞ,388,27,310,78,0.8589743589743589,0.9026548672566371,0.8234204568841326,0.864406779661017,0.9444444444444444,0.6570824601984488,0.8692956551622036,0.8595679012345678
TabPFN,20,FILTER_MUTUAL_INFO + EMBEDDED,KANSER,TEMİZLENMİŞ,388,26,310,78,0.8846153846153846,0.9217391304347826,0.8511134676564157,0.8688524590163934,0.9814814814814815,0.724581776385293,0.8723113357860365,0.8395061728395061
TabPFN,20,WRAPPER_RFE + EMBEDDED,KANSER,TEMİZLENMİŞ,388,25,310,78,0.8589743589743589,0.9026548672566371,0.8234204568841326,0.864406779661017,0.9444444444444444,0.6570824601984488,0.8732817631981341,0.8449074074074074
TabPFN,20,FILTER_ANOVA + WRAPPER_RFE + EMBEDDED,KANSER,TEMİZLENMİŞ,388,36,310,78,0.8846153846153846,0.9217391304347826,0.8511134676564157,0.8688524590163934,0.9814814814814815,0.724581776385293,0.8588972280934553,0.8595679012345679
TabPFN,20,FILTER_MUTUAL_INFO + WRAPPER_RFE + EMBEDDED,KANSER,TEMİZLENMİŞ,388,28,310,78,0.8974358974358975,0.9285714285714286,0.8733766233766234,0.896551724137931,0.9629629629629629,0.7535992817105361,0.8982562885189368,0.8626543209876543
TabPFN,20,FILTER_ANOVA,PAH,TEMİZLENMİŞ,372,20,297,75,0.8533333333333334,0.9185185185185185,0.5925925925925926,0.8493150684931506,1.0,0.3614745588437089,0.9453541561771613,0.8101736972704715
TabPFN,20,FILTER_MUTUAL_INFO,PAH,TEMİZLENMİŞ,372,20,297,75,0.84,0.9117647058823529,0.5273109243697479,0.8378378378378378,1.0,0.2538682029106135,0.9117738304163743,0.7096774193548387
TabPFN,20,WRAPPER_RFE,PAH,TEMİZLENMİŞ,372,20,297,75,0.8266666666666667,0.9051094890510949,0.45255474452554745,0.8266666666666667,1.0,0.0,0.9355575151783251,0.7692307692307693
TabPFN,20,EMBEDDED,PAH,TEMİZLENMİŞ,372,20,297,75,0.8266666666666667,0.9051094890510949,0.45255474452554745,0.8266666666666667,1.0,0.0,0.9292629942706565,0.7456575682382134
TabPFN,20,FILTER_ANOVA + WRAPPER_RFE,PAH,TEMİZLENMİŞ,372,34,297,75,0.84,0.9117647058823529,0.5273109243697479,0.8378378378378378,1.0,0.2538682029106135,0.9402681889968978,0.8014888337468983
TabPFN,20,FILTER_ANOVA + EMBEDDED,PAH,TEMİZLENMİŞ,372,32,297,75,0.8533333333333334,0.9185185185185185,0.5925925925925926,0.8493150684931506,1.0,0.3614745588437089,0.9349262799361235,0.7754342431761786
TabPFN,20,FILTER_MUTUAL_INFO + WRAPPER_RFE,PAH,TEMİZLENMİŞ,372,36,297,75,0.84,0.9117647058823529,0.5273109243697479,0.8378378378378378,1.0,0.2538682029106135,0.938493718832903,0.7642679900744417
TabPFN,20,FILTER_MUTUAL_INFO + EMBEDDED,PAH,TEMİZLENMİŞ,372,36,297,75,0.8666666666666667,0.9253731343283582,0.6501865671641791,0.8611111111111112,1.0,0.4457779141208643,0.9341431919057044,0.7555831265508685
TabPFN,20,WRAPPER_RFE + EMBEDDED,PAH,TEMİZLENMİŞ,372,26,297,75,0.8266666666666667,0.9051094890510949,0.45255474452554745,0.8266666666666667,1.0,0.0,0.9342905033983593,0.7642679900744418
TabPFN,20,FILTER_ANOVA + WRAPPER_RFE + EMBEDDED,PAH,TEMİZLENMİŞ,372,37,297,75,0.8533333333333334,0.9185185185185185,0.5925925925925926,0.8493150684931506,1.0,0.3614745588437089,0.9372734092448682,0.7841191066997518
TabPFN,20,FILTER_MUTUAL_INFO + WRAPPER_RFE + EMBEDDED,PAH,TEMİZLENMİŞ,372,41,297,75,0.84,0.9104477611940298,0.5802238805970149,0.8472222222222222,0.9838709677419355,0.266028755201161,0.9452815681291102,0.7766749379652605
TabPFN,20,FILTER_ANOVA,CFTR,TEMİZLENMİŞ,111,20,88,23,0.8695652173913043,0.9230769230769231,0.7472527472527473,0.9,0.9473684210526315,0.5034965460952284,0.9374755470119651,0.763157894736842
TabPFN,20,FILTER_MUTUAL_INFO,CFTR,TEMİZLENMİŞ,111,20,88,23,0.8695652173913043,0.9230769230769231,0.7472527472527473,0.9,0.9473684210526315,0.5034965460952284,0.9577573120305722,0.8157894736842105
TabPFN,20,WRAPPER_RFE,CFTR,TEMİZLENMİŞ,111,20,88,23,0.8695652173913043,0.9230769230769231,0.7472527472527473,0.9,0.9473684210526315,0.5034965460952284,0.9510289526706339,0.7894736842105263
TabPFN,20,EMBEDDED,CFTR,TEMİZLENMİŞ,111,20,88,23,0.8695652173913043,0.9230769230769231,0.7472527472527473,0.9,0.9473684210526315,0.5034965460952284,0.9324543541189185,0.7236842105263158
TabPFN,20,FILTER_ANOVA + WRAPPER_RFE,CFTR,TEMİZLENMİŞ,111,33,88,23,0.8695652173913043,0.9230769230769231,0.7472527472527473,0.9,0.9473684210526315,0.5034965460952284,0.8712133004865612,0.6710526315789473
TabPFN,20,FILTER_ANOVA + EMBEDDED,CFTR,TEMİZLENMİŞ,111,34,88,23,0.8260869565217391,0.8947368421052632,0.6973684210526316,0.8947368421052632,0.8947368421052632,0.39473684210526316,0.9381470976835158,0.75
TabPFN,20,FILTER_MUTUAL_INFO + WRAPPER_RFE,CFTR,TEMİZLENMİŞ,111,29,88,23,0.8695652173913043,0.9230769230769231,0.7472527472527473,0.9,0.9473684210526315,0.5034965460952284,0.9542770203923858,0.8026315789473684
TabPFN,20,FILTER_MUTUAL_INFO + EMBEDDED,CFTR,TEMİZLENMİŞ,111,30,88,23,0.8695652173913043,0.9230769230769231,0.7472527472527473,0.9,0.9473684210526315,0.5034965460952284,0.9544991666671636,0.8026315789473684
TabPFN,20,WRAPPER_RFE + EMBEDDED,CFTR,TEMİZLENMİŞ,111,24,88,23,0.8695652173913043,0.9230769230769231,0.7472527472527473,0.9,0.9473684210526315,0.5034965460952284,0.9544991666671636,0.8026315789473684
TabPFN,20,FILTER_ANOVA + WRAPPER_RFE + EMBEDDED,CFTR,TEMİZLENMİŞ,111,36,88,23,0.8260869565217391,0.8947368421052632,0.6973684210526316,0.8947368421052632,0.8947368421052632,0.39473684210526316,0.9318022729176385,0.75
TabPFN,20,FILTER_MUTUAL_INFO + WRAPPER_RFE + EMBEDDED,CFTR,TEMİZLENMİŞ,111,32,88,23,0.8695652173913043,0.9230769230769231,0.7472527472527473,0.9,0.9473684210526315,0.5034965460952284,0.9533713471182916,0.8026315789473684
TabPFN,30,FILTER_ANOVA,MASTER,TEMİZLENMİŞ,2931,30,2344,587,0.8194207836456558,0.8862660944206009,0.7241247827474906,0.8227091633466136,0.9604651162790697,0.4950653422245226,0.9037891506578339,0.814116427195971
TabPFN,30,FILTER_MUTUAL_INFO,MASTER,TEMİZLENMİŞ,2931,30,2344,587,0.8347529812606473,0.8951351351351351,0.7527884511017041,0.8363636363636363,0.9627906976744186,0.5440839969493905,0.9123796704529383,0.8336690860613243
TabPFN,30,WRAPPER_RFE,MASTER,TEMİZLENMİŞ,2931,30,2344,587,0.8313458262350937,0.8934337997847147,0.7446760835658268,0.8316633266533067,0.9651162790697675,0.5332687906234251,0.9171300608494884,0.8335950229595616
TabPFN,30,EMBEDDED,MASTER,TEMİZLENMİŞ,2931,30,2344,587,0.8211243611584327,0.887459807073955,0.7258875798855252,0.8230616302186878,0.9627906976744186,0.5004477869470406,0.9001431956641461,0.821241297585543
TabPFN,30,FILTER_ANOVA + WRAPPER_RFE,MASTER,TEMİZLENMİŞ,2931,52,2344,587,0.82793867120954,0.8910463861920173,0.7410697518004621,0.8309859154929577,0.9604651162790697,0.5226561366105379,0.9204660021658029,0.8412827729225301
TabPFN,30,FILTER_ANOVA + EMBEDDED,MASTER,TEMİZLENMİŞ,2931,52,2344,587,0.838160136286201,0.8975188781014024,0.756451746743009,0.8370221327967807,0.9674418604651163,0.5547022859984826,0.9199975858599663,0.8453414308991261
TabPFN,30,FILTER_MUTUAL_INFO + WRAPPER_RFE,MASTER,TEMİZLENMİŞ,2931,45,2344,587,0.8364565587734242,0.896551724137931,0.7531539108494534,0.8353413654618473,0.9674418604651163,0.5493886101845299,0.9218905656714311,0.8480373278032884
TabPFN,30,FILTER_MUTUAL_INFO + EMBEDDED,MASTER,TEMİZLENMİŞ,2931,43,2344,587,0.8347529812606473,0.8946796959826275,0.7556402432482308,0.8391038696537678,0.958139534883721,0.544472517407631,0.9201143386863248,0.8493408383943121
TabPFN,30,WRAPPER_RFE + EMBEDDED,MASTER,TEMİZLENMİŞ,2931,34,2344,587,0.8262350936967632,0.8893709327548807,0.7423045139964879,0.8333333333333334,0.9534883720930233,0.518219555438517,0.9131391904514844,0.8412531476818248
TabPFN,30,FILTER_ANOVA + WRAPPER_RFE + EMBEDDED,MASTER,TEMİZLENMİŞ,2931,56,2344,587,0.8432708688245315,0.9008620689655172,0.7634391645640595,0.8393574297188755,0.9720930232558139,0.5708508166385641,0.9264111159101049,0.8555177010813213
TabPFN,30,FILTER_MUTUAL_INFO + WRAPPER_RFE + EMBEDDED,MASTER,TEMİZLENMİŞ,2931,47,2344,587,0.8398637137989778,0.8984881209503239,0.759727931442904,0.8387096774193549,0.9674418604651163,0.5599916048936776,0.9193602594918662,0.8497407791438305
TabPFN,30,FILTER_ANOVA,KANSER,TEMİZLENMİŞ,388,30,310,78,0.8717948717948718,0.9122807017543859,0.8370927318295739,0.8666666666666667,0.9629629629629629,0.6897247020435424,0.9012528401933679,0.839891975308642
TabPFN,30,FILTER_MUTUAL_INFO,KANSER,TEMİZLENMİŞ,388,30,310,78,0.8589743589743589,0.9009009009009009,0.8282282282282283,0.8771929824561403,0.9259259259259259,0.6599670323600246,0.9061259781581171,0.8672839506172839
TabPFN,30,WRAPPER_RFE,KANSER,TEMİZLENMİŞ,388,30,310,78,0.8589743589743589,0.9026548672566371,0.8234204568841326,0.864406779661017,0.9444444444444444,0.6570824601984488,0.8499750856571702,0.8441358024691359
TabPFN,30,EMBEDDED,KANSER,TEMİZLENMİŞ,388,30,310,78,0.8846153846153846,0.9203539823008849,0.8555258283597448,0.8813559322033898,0.9629629629629629,0.7217951267331445,0.8552154804778651,0.8549382716049383
TabPFN,30,FILTER_ANOVA + WRAPPER_RFE,KANSER,TEMİZLENMİŞ,388,49,310,78,0.8846153846153846,0.9217391304347826,0.8511134676564157,0.8688524590163934,0.9814814814814815,0.724581776385293,0.9116664105959144,0.8665123456790124
TabPFN,30,FILTER_ANOVA + EMBEDDED,KANSER,TEMİZLENMİŞ,388,50,310,78,0.8974358974358975,0.9310344827586207,0.8655172413793104,0.8709677419354839,1.0,0.762000762001143,0.8750432958757578,0.8580246913580247
TabPFN,30,FILTER_MUTUAL_INFO + WRAPPER_RFE,KANSER,TEMİZLENMİŞ,388,43,310,78,0.8846153846153846,0.9203539823008849,0.8555258283597448,0.8813559322033898,0.9629629629629629,0.7217951267331445,0.8636074690561675,0.8611111111111112
TabPFN,30,FILTER_MUTUAL_INFO + EMBEDDED,KANSER,TEMİZLENMİŞ,388,41,310,78,0.8846153846153846,0.9203539823008849,0.8555258283597448,0.8813559322033898,0.9629629629629629,0.7217951267331445,0.8750748169230731,0.8703703703703702
TabPFN,30,WRAPPER_RFE + EMBEDDED,KANSER,TEMİZLENMİŞ,388,34,310,78,0.8846153846153846,0.9203539823008849,0.8555258283597448,0.8813559322033898,0.9629629629629629,0.7217951267331445,0.8441740133532583,0.8356481481481481
TabPFN,30,FILTER_ANOVA + WRAPPER_RFE + EMBEDDED,KANSER,TEMİZLENMİŞ,388,53,310,78,0.8974358974358975,0.9310344827586207,0.8655172413793104,0.8709677419354839,1.0,0.762000762001143,0.9009420631215358,0.8595679012345679
TabPFN,30,FILTER_MUTUAL_INFO + WRAPPER_RFE + EMBEDDED,KANSER,TEMİZLENMİŞ,388,44,310,78,0.8589743589743589,0.9009009009009009,0.8282282282282283,0.8771929824561403,0.9259259259259259,0.6599670323600246,0.8796366701050765,0.8549382716049383
TabPFN,30,FILTER_ANOVA,PAH,TEMİZLENMİŞ,372,30,297,75,0.8666666666666667,0.9242424242424242,0.6843434343434343,0.8714285714285714,0.9838709677419355,0.4424521595673921,0.9532928219668206,0.8312655086848635
TabPFN,30,FILTER_MUTUAL_INFO,PAH,TEMİZLENMİŞ,372,30,297,75,0.8133333333333334,0.8970588235294118,0.4485294117647059,0.8243243243243243,0.9838709677419355,-0.053230429642548,0.9131526828836981,0.6947890818858561
TabPFN,30,WRAPPER_RFE,PAH,TEMİZLENMİŞ,372,30,297,75,0.88,0.9323308270676691,0.7014595311808933,0.8732394366197183,1.0,0.5183522522584925,0.9372451751954187,0.7791563275434243
TabPFN,30,EMBEDDED,PAH,TEMİZLENMİŞ,372,30,297,75,0.8266666666666667,0.9051094890510949,0.45255474452554745,0.8266666666666667,1.0,0.0,0.9319582685077051,0.7580645161290323
TabPFN,30,FILTER_ANOVA + WRAPPER_RFE,PAH,TEMİZLENMİŞ,372,49,297,75,0.8533333333333334,0.9185185185185185,0.5925925925925926,0.8493150684931506,1.0,0.3614745588437089,0.9434114154816609,0.8027295285359802
TabPFN,30,FILTER_ANOVA + EMBEDDED,PAH,TEMİZLENMİŞ,372,46,297,75,0.84,0.9117647058823529,0.5273109243697479,0.8378378378378378,1.0,0.2538682029106135,0.9376754425334954,0.7878411910669976
TabPFN,30,FILTER_MUTUAL_INFO + WRAPPER_RFE,PAH,TEMİZLENMİŞ,372,52,297,75,0.84,0.9090909090909091,0.6212121212121212,0.8571428571428571,0.967741935483871,0.30124402353524565,0.9329209999581156,0.7456575682382134
TabPFN,30,FILTER_MUTUAL_INFO + EMBEDDED,PAH,TEMİZLENMİŞ,372,53,297,75,0.84,0.9117647058823529,0.5273109243697479,0.8378378378378378,1.0,0.2538682029106135,0.9285528394429017,0.7444168734491314
TabPFN,30,WRAPPER_RFE + EMBEDDED,PAH,TEMİZLENMİŞ,372,38,297,75,0.8666666666666667,0.9253731343283582,0.6501865671641791,0.8611111111111112,1.0,0.4457779141208643,0.9291267898068997,0.7543424317617866
TabPFN,30,FILTER_ANOVA + WRAPPER_RFE + EMBEDDED,PAH,TEMİZLENMİŞ,372,53,297,75,0.84,0.9117647058823529,0.5273109243697479,0.8378378378378378,1.0,0.2538682029106135,0.9400299548041788,0.7741935483870969
TabPFN,30,FILTER_MUTUAL_INFO + WRAPPER_RFE + EMBEDDED,PAH,TEMİZLENMİŞ,372,59,297,75,0.8533333333333334,0.9185185185185185,0.5925925925925926,0.8493150684931506,1.0,0.3614745588437089,0.9403496942822647,0.7667493796526055
TabPFN,30,FILTER_ANOVA,CFTR,TEMİZLENMİŞ,111,30,88,23,0.8695652173913043,0.9230769230769231,0.7472527472527473,0.9,0.9473684210526315,0.5034965460952284,0.9599274779228335,0.8421052631578947
TabPFN,30,FILTER_MUTUAL_INFO,CFTR,TEMİZLENMİŞ,111,30,88,23,0.8695652173913043,0.9230769230769231,0.7472527472527473,0.9,0.9473684210526315,0.5034965460952284,0.9468881659211514,0.763157894736842
TabPFN,30,WRAPPER_RFE,CFTR,TEMİZLENMİŞ,111,30,88,23,0.8260869565217391,0.8947368421052632,0.6973684210526316,0.8947368421052632,0.8947368421052632,0.39473684210526316,0.9411877260101853,0.75
TabPFN,30,EMBEDDED,CFTR,TEMİZLENMİŞ,111,30,88,23,0.8260869565217391,0.9,0.6166666666666667,0.8571428571428571,0.9473684210526315,0.26549712202679576,0.948102740819937,0.763157894736842
TabPFN,30,FILTER_ANOVA + WRAPPER_RFE,CFTR,TEMİZLENMİŞ,111,48,88,23,0.8695652173913043,0.9230769230769231,0.7472527472527473,0.9,0.9473684210526315,0.5034965460952284,0.9212133004865608,0.7236842105263157
TabPFN,30,FILTER_ANOVA + EMBEDDED,CFTR,TEMİZLENMİŞ,111,49,88,23,0.8695652173913043,0.9230769230769231,0.7472527472527473,0.9,0.9473684210526315,0.5034965460952284,0.9579551905717676,0.8157894736842104
TabPFN,30,FILTER_MUTUAL_INFO + WRAPPER_RFE,CFTR,TEMİZLENMİŞ,111,43,88,23,0.8260869565217391,0.8947368421052632,0.6973684210526316,0.8947368421052632,0.8947368421052632,0.39473684210526316,0.9533713471182916,0.8026315789473684
TabPFN,30,FILTER_MUTUAL_INFO + EMBEDDED,CFTR,TEMİZLENMİŞ,111,46,88,23,0.8695652173913043,0.9230769230769231,0.7472527472527473,0.9,0.9473684210526315,0.5034965460952284,0.9488644505061319,0.7763157894736842
TabPFN,30,WRAPPER_RFE + EMBEDDED,CFTR,TEMİZLENMİŞ,111,37,88,23,0.8260869565217391,0.8947368421052632,0.6973684210526316,0.8947368421052632,0.8947368421052632,0.39473684210526316,0.9523346645026616,0.7894736842105263
TabPFN,30,FILTER_ANOVA + WRAPPER_RFE + EMBEDDED,CFTR,TEMİZLENMİŞ,111,53,88,23,0.8260869565217391,0.8947368421052632,0.6973684210526316,0.8947368421052632,0.8947368421052632,0.39473684210526316,0.962711568300618,0.8289473684210527
TabPFN,30,FILTER_MUTUAL_INFO + WRAPPER_RFE + EMBEDDED,CFTR,TEMİZLENMİŞ,111,48,88,23,0.8260869565217391,0.8947368421052632,0.6973684210526316,0.8947368421052632,0.8947368421052632,0.39473684210526316,0.9577573120305722,0.8157894736842105
TabPFN,50,FILTER_ANOVA,MASTER,TEMİZLENMİŞ,2931,50,2344,587,0.82793867120954,0.8917470525187567,0.736329957794648,0.827037773359841,0.9674418604651163,0.5224294429585576,0.90862268448858,0.824588949785217
TabPFN,50,FILTER_MUTUAL_INFO,MASTER,TEMİZLENMİŞ,2931,50,2344,587,0.8432708688245315,0.8991228070175439,0.7739888844248024,0.8506224066390041,0.9534883720930233,0.5715763529142697,0.9304533583604577,0.8634276403495778
TabPFN,50,WRAPPER_RFE,MASTER,TEMİZLENMİŞ,2931,50,2344,587,0.848381601362862,0.9027322404371585,0.7795514484039074,0.8515463917525773,0.9604651162790697,0.5862747780057287,0.9367571476498574,0.876699748185454
TabPFN,50,EMBEDDED,MASTER,TEMİZLENMİŞ,2931,50,2344,587,0.8466780238500852,0.9017467248908297,0.7764547577942521,0.8497942386831275,0.9604651162790697,0.5810937839995601,0.9208348553153398,0.8532217449266776
TabPFN,50,FILTER_ANOVA + WRAPPER_RFE,MASTER,TEMİZLENMİŞ,2931,86,2344,587,0.8398637137989778,0.8976034858387799,0.76520799291939,0.8442622950819673,0.958139534883721,0.5603929969925326,0.921393475495552,0.8534291216116131
TabPFN,50,FILTER_ANOVA + EMBEDDED,MASTER,TEMİZLENMİŞ,2931,87,2344,587,0.82793867120954,0.8888888888888888,0.7538784067085953,0.8434237995824635,0.9395348837209302,0.5275754332610495,0.9374622498575732,0.8672641090208857
TabPFN,50,FILTER_MUTUAL_INFO + WRAPPER_RFE,MASTER,TEMİZLENMİŞ,2931,66,2344,587,0.8432708688245315,0.8986784140969163,0.7764068762213905,0.8535564853556485,0.9488372093023256,0.5725392616977988,0.9318366280854662,0.87067101170197
TabPFN,50,FILTER_MUTUAL_INFO + EMBEDDED,MASTER,TEMİZLENMİŞ,2931,68,2344,587,0.8432708688245315,0.8989010989010989,0.7752081252081252,0.8520833333333333,0.9511627906976744,0.572023938372633,0.9234370470564942,0.8575322174492668
TabPFN,50,WRAPPER_RFE + EMBEDDED,MASTER,TEMİZLENMİŞ,2931,54,2344,587,0.8466780238500852,0.9021739130434783,0.7739216021910305,0.8469387755102041,0.9651162790697675,0.5808900452321368,0.9342216570517952,0.8747741075396238
TabPFN,50,FILTER_ANOVA + WRAPPER_RFE + EMBEDDED,MASTER,TEMİZLENMİŞ,2931,90,2344,587,0.8347529812606473,0.8937568455640745,0.7610546679927652,0.84472049689441,0.9488372093023256,0.5461787077603025,0.9300724104712861,0.8582876610872463
TabPFN,50,FILTER_MUTUAL_INFO + WRAPPER_RFE + EMBEDDED,MASTER,TEMİZLENMİŞ,2931,70,2344,587,0.8432708688245315,0.8984547461368654,0.7775855820236566,0.8550420168067226,0.9465116279069767,0.5731195084224642,0.9321876534252828,0.8633832024885202
TabPFN,50,FILTER_ANOVA,KANSER,TEMİZLENMİŞ,388,50,310,78,0.8846153846153846,0.9217391304347826,0.8511134676564157,0.8688524590163934,0.9814814814814815,0.724581776385293,0.8927809258713386,0.853395061728395
TabPFN,50,FILTER_MUTUAL_INFO,KANSER,TEMİZLENMİŞ,388,50,310,78,0.8846153846153846,0.9217391304347826,0.8511134676564157,0.8688524590163934,0.9814814814814815,0.724581776385293,0.8668612890173139,0.8541666666666667
TabPFN,50,WRAPPER_RFE,KANSER,TEMİZLENMİŞ,388,50,310,78,0.8846153846153846,0.9217391304347826,0.8511134676564157,0.8688524590163934,0.9814814814814815,0.724581776385293,0.8481150998889835,0.8425925925925926
TabPFN,50,EMBEDDED,KANSER,TEMİZLENMİŞ,388,50,310,78,0.8846153846153846,0.9217391304347826,0.8511134676564157,0.8688524590163934,0.9814814814814815,0.724581776385293,0.8606709768129417,0.8441358024691358
TabPFN,50,FILTER_ANOVA + WRAPPER_RFE,KANSER,TEMİZLENMİŞ,388,81,310,78,0.8974358974358975,0.9298245614035088,0.8696741854636592,0.8833333333333333,0.9814814814814815,0.7556542691506458,0.8806440931938483,0.8580246913580248
TabPFN,50,FILTER_ANOVA + EMBEDDED,KANSER,TEMİZLENMİŞ,388,81,310,78,0.8974358974358975,0.9298245614035088,0.8696741854636592,0.8833333333333333,0.9814814814814815,0.7556542691506458,0.8804816582375192,0.8641975308641975
TabPFN,50,FILTER_MUTUAL_INFO + WRAPPER_RFE,KANSER,TEMİZLENMİŞ,388,67,310,78,0.8974358974358975,0.9310344827586207,0.8655172413793104,0.8709677419354839,1.0,0.762000762001143,0.8656298039004124,0.8734567901234567
TabPFN,50,FILTER_MUTUAL_INFO + EMBEDDED,KANSER,TEMİZLENMİŞ,388,67,310,78,0.8974358974358975,0.9298245614035088,0.8696741854636592,0.8833333333333333,0.9814814814814815,0.7556542691506458,0.8757119642144578,0.8719135802469136
TabPFN,50,WRAPPER_RFE + EMBEDDED,KANSER,TEMİZLENMİŞ,388,57,310,78,0.8589743589743589,0.9043478260869565,0.8180275715800636,0.8524590163934426,0.9629629629629629,0.6572991828638015,0.886710087218562,0.8742283950617284
TabPFN,50,FILTER_ANOVA + WRAPPER_RFE + EMBEDDED,KANSER,TEMİZLENMİŞ,388,85,310,78,0.8974358974358975,0.9298245614035088,0.8696741854636592,0.8833333333333333,0.9814814814814815,0.7556542691506458,0.8771372665509976,0.861111111111111
TabPFN,50,FILTER_MUTUAL_INFO + WRAPPER_RFE + EMBEDDED,KANSER,TEMİZLENMİŞ,388,72,310,78,0.8974358974358975,0.9298245614035088,0.8696741854636592,0.8833333333333333,0.9814814814814815,0.7556542691506458,0.9011222132310839,0.8842592592592592
TabPFN,50,FILTER_ANOVA,PAH,TEMİZLENMİŞ,372,50,297,75,0.8533333333333334,0.9185185185185185,0.5925925925925926,0.8493150684931506,1.0,0.3614745588437089,0.9339162053335068,0.7841191066997518
TabPFN,50,FILTER_MUTUAL_INFO,PAH,TEMİZLENMİŞ,372,50,297,75,0.84,0.9117647058823529,0.5273109243697479,0.8378378378378378,1.0,0.2538682029106135,0.9152442499254457,0.6923076923076923
TabPFN,50,WRAPPER_RFE,PAH,TEMİZLENMİŞ,372,50,297,75,0.84,0.9117647058823529,0.5273109243697479,0.8378378378378378,1.0,0.2538682029106135,0.9233619697503979,0.7468982630272953
TabPFN,50,EMBEDDED,PAH,TEMİZLENMİŞ,372,50,297,75,0.84,0.9117647058823529,0.5273109243697479,0.8378378378378378,1.0,0.2538682029106135,0.928719157376462,0.7531017369727047
TabPFN,50,FILTER_ANOVA + WRAPPER_RFE,PAH,TEMİZLENMİŞ,372,74,297,75,0.8533333333333334,0.9172932330827067,0.6351172047766475,0.8591549295774648,0.9838709677419355,0.36159249855128706,0.9430430407204973,0.7990074441687345
TabPFN,50,FILTER_ANOVA + EMBEDDED,PAH,TEMİZLENMİŞ,372,76,297,75,0.84,0.9104477611940298,0.5802238805970149,0.8472222222222222,0.9838709677419355,0.266028755201161,0.9294273999370053,0.761786600496278
TabPFN,50,FILTER_MUTUAL_INFO + WRAPPER_RFE,PAH,TEMİZLENMİŞ,372,83,297,75,0.8533333333333334,0.9185185185185185,0.5925925925925926,0.8493150684931506,1.0,0.3614745588437089,0.9344559515777547,0.7468982630272953
TabPFN,50,FILTER_MUTUAL_INFO + EMBEDDED,PAH,TEMİZLENMİŞ,372,84,297,75,0.8533333333333334,0.9185185185185185,0.5925925925925926,0.8493150684931506,1.0,0.3614745588437089,0.9338041687282379,0.7320099255583127
TabPFN,50,WRAPPER_RFE + EMBEDDED,PAH,TEMİZLENMİŞ,372,60,297,75,0.8133333333333334,0.8970588235294118,0.4485294117647059,0.8243243243243243,0.9838709677419355,-0.053230429642548,0.9333475971741793,0.7655086848635235
TabPFN,50,FILTER_ANOVA + WRAPPER_RFE + EMBEDDED,PAH,TEMİZLENMİŞ,372,80,297,75,0.8266666666666667,0.9037037037037037,0.5185185185185185,0.8356164383561644,0.9838709677419355,0.14284075309146563,0.9396704728773645,0.7903225806451613
TabPFN,50,FILTER_MUTUAL_INFO + WRAPPER_RFE + EMBEDDED,PAH,TEMİZLENMİŞ,372,90,297,75,0.84,0.9117647058823529,0.5273109243697479,0.8378378378378378,1.0,0.2538682029106135,0.9409549185574693,0.7766749379652605
TabPFN,50,FILTER_ANOVA,CFTR,TEMİZLENMİŞ,111,50,88,23,0.8695652173913043,0.9230769230769231,0.7472527472527473,0.9,0.9473684210526315,0.5034965460952284,0.9664819422335307,0.8552631578947368
TabPFN,50,FILTER_MUTUAL_INFO,CFTR,TEMİZLENMİŞ,111,50,88,23,0.8260869565217391,0.8947368421052632,0.6973684210526316,0.8947368421052632,0.8947368421052632,0.39473684210526316,0.9377175120136554,0.736842105263158
TabPFN,50,WRAPPER_RFE,CFTR,TEMİZLENMİŞ,111,50,88,23,0.8260869565217391,0.8947368421052632,0.6973684210526316,0.8947368421052632,0.8947368421052632,0.39473684210526316,0.9577573120305722,0.8157894736842105
TabPFN,50,EMBEDDED,CFTR,TEMİZLENMİŞ,111,50,88,23,0.8260869565217391,0.8947368421052632,0.6973684210526316,0.8947368421052632,0.8947368421052632,0.39473684210526316,0.9542770203923858,0.8026315789473684
TabPFN,50,FILTER_ANOVA + WRAPPER_RFE,CFTR,TEMİZLENMİŞ,111,78,88,23,0.8260869565217391,0.8947368421052632,0.6973684210526316,0.8947368421052632,0.8947368421052632,0.39473684210526316,0.9364049357010793,0.7499999999999999
TabPFN,50,FILTER_ANOVA + EMBEDDED,CFTR,TEMİZLENMİŞ,111,75,88,23,0.8260869565217391,0.8947368421052632,0.6973684210526316,0.8947368421052632,0.8947368421052632,0.39473684210526316,0.96487607046512,0.8421052631578947
TabPFN,50,FILTER_MUTUAL_INFO + WRAPPER_RFE,CFTR,TEMİZLENMİŞ,111,76,88,23,0.8260869565217391,0.8947368421052632,0.6973684210526316,0.8947368421052632,0.8947368421052632,0.39473684210526316,0.9577573120305722,0.8157894736842105
TabPFN,50,FILTER_MUTUAL_INFO + EMBEDDED,CFTR,TEMİZLENMİŞ,111,74,88,23,0.8695652173913043,0.9230769230769231,0.7472527472527473,0.9,0.9473684210526315,0.5034965460952284,0.95559280986607,0.8026315789473684
TabPFN,50,WRAPPER_RFE + EMBEDDED,CFTR,TEMİZLENMİŞ,111,58,88,23,0.8260869565217391,0.8947368421052632,0.6973684210526316,0.8947368421052632,0.8947368421052632,0.39473684210526316,0.96487607046512,0.8421052631578947
TabPFN,50,FILTER_ANOVA + WRAPPER_RFE + EMBEDDED,CFTR,TEMİZLENMİŞ,111,80,88,23,0.8260869565217391,0.8947368421052632,0.6973684210526316,0.8947368421052632,0.8947368421052632,0.39473684210526316,0.9418582987631379,0.763157894736842
TabPFN,50,FILTER_MUTUAL_INFO + WRAPPER_RFE + EMBEDDED,CFTR,TEMİZLENMİŞ,111,80,88,23,0.8260869565217391,0.8947368421052632,0.6973684210526316,0.8947368421052632,0.8947368421052632,0.39473684210526316,0.9536165252810898,0.7894736842105263
TabPFN,100,FILTER_ANOVA,MASTER,TEMİZLENMİŞ,2931,100,2344,587,0.817717206132879,0.8822882288228823,0.7392573219586109,0.837160751565762,0.9325581395348838,0.4977768465020301,0.9123917237566703,0.8328840171826395
TabPFN,100,FILTER_MUTUAL_INFO,MASTER,TEMİZLENMİŞ,2931,100,2344,587,0.8330494037478705,0.8920704845814978,0.7618247159749594,0.8472803347280334,0.9418604651162791,0.5428466701131061,0.9305777552286105,0.8608650570285884
TabPFN,100,WRAPPER_RFE,MASTER,TEMİZLENMİŞ,2931,100,2344,587,0.8500851788756388,0.9030837004405287,0.7861283163856778,0.8577405857740585,0.9534883720930233,0.5923343227542606,0.9374074603397785,0.866227225596208
TabPFN,100,EMBEDDED,MASTER,TEMİZLENMİŞ,2931,100,2344,587,0.8347529812606473,0.8937568455640745,0.7610546679927652,0.84472049689441,0.9488372093023256,0.5461787077603025,0.9460690698195898,0.8751296104280847
TabPFN,100,FILTER_ANOVA + WRAPPER_RFE,MASTER,TEMİZLENMİŞ,2931,147,2344,587,0.8449744463373083,0.8996692392502756,0.7794226346064113,0.8553459119496856,0.9488372093023256,0.5777528184152935,0.9375285202988413,0.8685083691304991
TabPFN,100,FILTER_ANOVA + EMBEDDED,MASTER,TEMİZLENMİŞ,2931,152,2344,587,0.8432708688245315,0.8989010989010989,0.7752081252081252,0.8520833333333333,0.9511627906976744,0.572023938372633,0.9378396822166717,0.8614871870833949
TabPFN,100,FILTER_MUTUAL_INFO + WRAPPER_RFE,MASTER,TEMİZLENMİŞ,2931,133,2344,587,0.8313458262350937,0.8906077348066298,0.7612889975148391,0.848421052631579,0.9372093023255814,0.5391511416411183,0.9290457699118212,0.8506591616056881
TabPFN,100,FILTER_MUTUAL_INFO + EMBEDDED,MASTER,TEMİZLENMİŞ,2931,133,2344,587,0.8398637137989778,0.8969298245614035,0.7690755993036025,0.8485477178423236,0.9511627906976744,0.5615339907723758,0.9272196893625476,0.8570582135979854
TabPFN,100,WRAPPER_RFE + EMBEDDED,MASTER,TEMİZLENMİŞ,2931,111,2344,587,0.8415672913117547,0.8970099667774086,0.7769182675215456,0.8562367864693446,0.9418604651162791,0.569241390286997,0.9364633490980594,0.8677381128721671
TabPFN,100,FILTER_ANOVA + WRAPPER_RFE + EMBEDDED,MASTER,TEMİZLENMİŞ,2931,154,2344,587,0.8449744463373083,0.9007633587786259,0.7733388778328927,0.8480492813141683,0.9604651162790697,0.575892850019967,0.9312437056168629,0.8645237742556657
TabPFN,100,FILTER_MUTUAL_INFO + WRAPPER_RFE + EMBEDDED,MASTER,TEMİZLENMİŞ,2931,140,2344,587,0.8262350936967632,0.8879120879120879,0.7507742257742258,0.8416666666666667,0.9395348837209302,0.5221800925416892,0.927822524192118,0.8496074655606576
TabPFN,100,FILTER_ANOVA,KANSER,TEMİZLENMİŞ,388,100,310,78,0.8717948717948718,0.9122807017543859,0.8370927318295739,0.8666666666666667,0.9629629629629629,0.6897247020435424,0.8323160377297391,0.8140432098765433
TabPFN,100,FILTER_MUTUAL_INFO,KANSER,TEMİZLENMİŞ,388,100,310,78,0.9102564102564102,0.9391304347826087,0.8841993637327678,0.8852459016393442,1.0,0.7918643699067844,0.8826915129664819,0.8634259259259258
TabPFN,100,WRAPPER_RFE,KANSER,TEMİZLENMİŞ,388,100,310,78,0.8974358974358975,0.9298245614035088,0.8696741854636592,0.8833333333333333,0.9814814814814815,0.7556542691506458,0.8647075629717823,0.8503086419753088
TabPFN,100,EMBEDDED,KANSER,TEMİZLENMİŞ,388,100,310,78,0.8717948717948718,0.9122807017543859,0.8370927318295739,0.8666666666666667,0.9629629629629629,0.6897247020435424,0.9046506945242572,0.8665123456790124
TabPFN,100,FILTER_ANOVA + WRAPPER_RFE,KANSER,TEMİZLENMİŞ,388,150,310,78,0.8974358974358975,0.9298245614035088,0.8696741854636592,0.8833333333333333,0.9814814814814815,0.7556542691506458,0.8689610443375205,0.8425925925925927
TabPFN,100,FILTER_ANOVA + EMBEDDED,KANSER,TEMİZLENMİŞ,388,146,310,78,0.8589743589743589,0.9026548672566371,0.8234204568841326,0.864406779661017,0.9444444444444444,0.6570824601984488,0.8886100182659036,0.845679012345679
TabPFN,100,FILTER_MUTUAL_INFO + WRAPPER_RFE,KANSER,TEMİZLENMİŞ,388,138,310,78,0.8846153846153846,0.9217391304347826,0.8511134676564157,0.8688524590163934,0.9814814814814815,0.724581776385293,0.8654703508044742,0.8487654320987654
TabPFN,100,FILTER_MUTUAL_INFO + EMBEDDED,KANSER,TEMİZLENMİŞ,388,130,310,78,0.8461538461538461,0.8947368421052632,0.8045112781954887,0.85,0.9444444444444444,0.6237951349364391,0.8847161207287114,0.849537037037037
TabPFN,100,WRAPPER_RFE + EMBEDDED,KANSER,TEMİZLENMİŞ,388,120,310,78,0.8974358974358975,0.9298245614035088,0.8696741854636592,0.8833333333333333,0.9814814814814815,0.7556542691506458,0.9189859014863531,0.8703703703703705
TabPFN,100,FILTER_ANOVA + WRAPPER_RFE + EMBEDDED,KANSER,TEMİZLENMİŞ,388,155,310,78,0.8846153846153846,0.9203539823008849,0.8555258283597448,0.8813559322033898,0.9629629629629629,0.7217951267331445,0.8679164387982194,0.8402777777777777
TabPFN,100,FILTER_MUTUAL_INFO + WRAPPER_RFE + EMBEDDED,KANSER,TEMİZLENMİŞ,388,145,310,78,0.8717948717948718,0.9122807017543859,0.8370927318295739,0.8666666666666667,0.9629629629629629,0.6897247020435424,0.9046839090538661,0.85570987654321
TabPFN,100,FILTER_ANOVA,PAH,TEMİZLENMİŞ,372,100,297,75,0.84,0.9117647058823529,0.5273109243697479,0.8378378378378378,1.0,0.2538682029106135,0.9288296771686548,0.7704714640198511
TabPFN,100,FILTER_MUTUAL_INFO,PAH,TEMİZLENMİŞ,372,100,297,75,0.84,0.9117647058823529,0.5273109243697479,0.8378378378378378,1.0,0.2538682029106135,0.9132430631267676,0.7357320099255583
TabPFN,100,WRAPPER_RFE,PAH,TEMİZLENMİŞ,372,100,297,75,0.8533333333333334,0.9172932330827067,0.6351172047766475,0.8591549295774648,0.9838709677419355,0.36159249855128706,0.9408393559334385,0.7803970223325062
TabPFN,100,EMBEDDED,PAH,TEMİZLENMİŞ,372,100,297,75,0.8666666666666667,0.9253731343283582,0.6501865671641791,0.8611111111111112,1.0,0.4457779141208643,0.9413921923535764,0.7853598014888338
TabPFN,100,FILTER_ANOVA + WRAPPER_RFE,PAH,TEMİZLENMİŞ,372,138,297,75,0.84,0.9117647058823529,0.5273109243697479,0.8378378378378378,1.0,0.2538682029106135,0.9316550487276541,0.7692307692307692
TabPFN,100,FILTER_ANOVA + EMBEDDED,PAH,TEMİZLENMİŞ,372,135,297,75,0.8533333333333334,0.9185185185185185,0.5925925925925926,0.8493150684931506,1.0,0.3614745588437089,0.9362974765937885,0.7717121588089331
TabPFN,100,FILTER_MUTUAL_INFO + WRAPPER_RFE,PAH,TEMİZLENMİŞ,372,141,297,75,0.8666666666666667,0.9242424242424242,0.6843434343434343,0.8714285714285714,0.9838709677419355,0.4424521595673921,0.9408408672281207,0.7853598014888338
TabPFN,100,FILTER_MUTUAL_INFO + EMBEDDED,PAH,TEMİZLENMİŞ,372,143,297,75,0.84,0.9117647058823529,0.5273109243697479,0.8378378378378378,1.0,0.2538682029106135,0.931027615635371,0.7692307692307692
TabPFN,100,WRAPPER_RFE + EMBEDDED,PAH,TEMİZLENMİŞ,372,108,297,75,0.84,0.9104477611940298,0.5802238805970149,0.8472222222222222,0.9838709677419355,0.266028755201161,0.9254413477566318,0.7543424317617866
TabPFN,100,FILTER_ANOVA + WRAPPER_RFE + EMBEDDED,PAH,TEMİZLENMİŞ,372,141,297,75,0.8666666666666667,0.9253731343283582,0.6501865671641791,0.8611111111111112,1.0,0.4457779141208643,0.9335257642212149,0.7754342431761786
TabPFN,100,FILTER_MUTUAL_INFO + WRAPPER_RFE + EMBEDDED,PAH,TEMİZLENMİŞ,372,146,297,75,0.8533333333333334,0.9185185185185185,0.5925925925925926,0.8493150684931506,1.0,0.3614745588437089,0.9390896502259756,0.7766749379652605
TabPFN,100,FILTER_ANOVA,CFTR,TEMİZLENMİŞ,111,100,88,23,0.8260869565217391,0.8947368421052632,0.6973684210526316,0.8947368421052632,0.8947368421052632,0.39473684210526316,0.9228951998229222,0.6973684210526315
TabPFN,100,FILTER_MUTUAL_INFO,CFTR,TEMİZLENMİŞ,111,100,88,23,0.782608695652174,0.8648648648648649,0.6546546546546547,0.8888888888888888,0.8421052631578947,0.3143730417143384,0.9166523198958318,0.6710526315789473
TabPFN,100,WRAPPER_RFE,CFTR,TEMİZLENMİŞ,111,100,88,23,0.8260869565217391,0.8947368421052632,0.6973684210526316,0.8947368421052632,0.8947368421052632,0.39473684210526316,0.9146017388978824,0.6710526315789473
TabPFN,100,EMBEDDED,CFTR,TEMİZLENMİŞ,111,100,88,23,0.8260869565217391,0.8947368421052632,0.6973684210526316,0.8947368421052632,0.8947368421052632,0.39473684210526316,0.9307194376242767,0.7236842105263157
TabPFN,100,FILTER_ANOVA + WRAPPER_RFE,CFTR,TEMİZLENMİŞ,111,137,88,23,0.8260869565217391,0.8947368421052632,0.6973684210526316,0.8947368421052632,0.8947368421052632,0.39473684210526316,0.9182925370394814,0.6973684210526315
TabPFN,100,FILTER_ANOVA + EMBEDDED,CFTR,TEMİZLENMİŞ,111,136,88,23,0.8260869565217391,0.8947368421052632,0.6973684210526316,0.8947368421052632,0.8947368421052632,0.39473684210526316,0.9381470976835158,0.75
TabPFN,100,FILTER_MUTUAL_INFO + WRAPPER_RFE,CFTR,TEMİZLENMİŞ,111,138,88,23,0.8260869565217391,0.8947368421052632,0.6973684210526316,0.8947368421052632,0.8947368421052632,0.39473684210526316,0.8809263944101813,0.618421052631579
TabPFN,100,FILTER_MUTUAL_INFO + EMBEDDED,CFTR,TEMİZLENMİŞ,111,136,88,23,0.8260869565217391,0.8947368421052632,0.6973684210526316,0.8947368421052632,0.8947368421052632,0.39473684210526316,0.9161434720185628,0.6578947368421053
TabPFN,100,WRAPPER_RFE + EMBEDDED,CFTR,TEMİZLENMİŞ,111,130,88,23,0.8260869565217391,0.8947368421052632,0.6973684210526316,0.8947368421052632,0.8947368421052632,0.39473684210526316,0.9143223843851183,0.6710526315789473
TabPFN,100,FILTER_ANOVA + WRAPPER_RFE + EMBEDDED,CFTR,TEMİZLENMİŞ,111,150,88,23,0.8260869565217391,0.8947368421052632,0.6973684210526316,0.8947368421052632,0.8947368421052632,0.39473684210526316,0.9024802791219606,0.6578947368421052
TabPFN,100,FILTER_MUTUAL_INFO + WRAPPER_RFE + EMBEDDED,CFTR,TEMİZLENMİŞ,111,155,88,23,0.8260869565217391,0.8947368421052632,0.6973684210526316,0.8947368421052632,0.8947368421052632,0.39473684210526316,0.8904293183867893,0.618421052631579
