EK,AL_1,AL_16,AL_17,AL_19,AL_2,AL_20,AL_22,AL_23,AL_24,AL_25,AL_28,AL_3,AL_30,AL_32,AL_34,AL_36,AL_38,AL_4,AL_5,AL_6
EK_1,-0.0374,-0.0723,-0.0587,-0.0655,-0.0367,-0.0616,-0.07,-0.063,-0.0661,-0.0626,0.0384,-0.0364,0.038,0.0374,0.0391,0.0374,0.0394,-0.0355,-0.0374,-0.0355
EK_2,-0.1467,-0.1786,-0.1687,-0.1652,-0.1451,-0.1581,-0.1633,-0.1615,-0.1669,-0.1587,-0.0855,-0.1434,-0.0862,-0.0849,-0.0842,-0.0858,-0.0845,-0.1443,-0.1448,-0.1444
EK_3,-0.0707,-0.0533,-0.0535,-0.0536,-0.07,-0.0374,-0.0394,-0.0455,-0.0472,-0.0428,-0.0353,-0.0686,-0.0357,-0.0363,-0.0367,-0.0362,-0.0346,-0.0702,-0.0692,-0.07
EK_4,-0.1191,-0.1205,-0.1041,-0.1112,-0.1163,-0.1021,-0.1032,-0.1032,-0.1118,-0.1045,-0.0474,-0.1181,-0.0481,-0.0483,-0.0462,-0.0459,-0.0466,-0.1163,-0.1165,-0.1167
EK_5,-0.1045,-0.131,-0.1279,-0.1412,-0.1042,-0.1158,-0.1188,-0.1204,-0.1312,-0.1299,-0.0333,-0.1023,-0.0335,-0.0335,-0.0313,-0.0306,-0.0316,-0.1011,-0.1011,-0.1011
EK_6,-0.0817,-0.1129,-0.0996,-0.1059,-0.0787,-0.0997,-0.1034,-0.0983,-0.102,-0.1021,-0.0083,-0.0804,-0.0079,-0.007,-0.0065,-0.0073,-0.0067,-0.0795,-0.0799,-0.0787
EK_7,-0.1964,-0.2117,-0.209,-0.2125,-0.1943,-0.198,-0.2007,-0.205,-0.2038,-0.2045,-0.1384,-0.1936,-0.1381,-0.1384,-0.1364,-0.1376,-0.1383,-0.1946,-0.1945,-0.1957
EK_8,-0.1005,-0.0848,-0.0706,-0.0789,-0.0991,-0.0706,-0.078,-0.0763,-0.0756,-0.0807,-0.0388,-0.0988,-0.0398,-0.0391,-0.0392,-0.0392,-0.0403,-0.0977,-0.0984,-0.0995
EK_9,-0.1453,-0.1768,-0.1753,-0.1753,-0.1442,-0.1613,-0.1668,-0.1622,-0.1659,-0.1696,-0.0914,-0.1421,-0.0908,-0.0906,-0.0891,-0.0893,-0.0906,-0.1435,-0.1429,-0.1438
