panel,column,category,missing_count,missing_pct
MASTER,AL_1,AL,2637,89.96929375639714
MASTER,AL_2,AL,2637,89.96929375639714
MASTER,AL_3,AL,2637,89.96929375639714
MASTER,AL_4,AL,2637,89.96929375639714
MASTER,AL_5,AL,2637,89.96929375639714
MASTER,AL_6,AL,2637,89.96929375639714
MASTER,AL_7,AL,1144,39.03104742408734
MASTER,AL_8,AL,1144,39.03104742408734
MASTER,AL_9,AL,1144,39.03104742408734
MASTER,AL_10,AL,1144,39.03104742408734
MASTER,AL_11,AL,1144,39.03104742408734
MASTER,AL_12,AL,1144,39.03104742408734
MASTER,AL_13,AL,1144,39.03104742408734
MASTER,AL_14,AL,1144,39.03104742408734
MASTER,AL_15,AL,1144,39.03104742408734
MASTER,AL_16,AL,1875,63.97134083930399
MASTER,AL_17,AL,1875,63.97134083930399
MASTER,AL_18,AL,1875,63.97134083930399
MASTER,AL_19,AL,1875,63.97134083930399
MASTER,AL_20,AL,1876,64.00545888775162
MASTER,AL_21,AL,1876,64.00545888775162
MASTER,AL_22,AL,1876,64.00545888775162
MASTER,AL_23,AL,1875,63.97134083930399
MASTER,AL_24,AL,1876,64.00545888775162
MASTER,AL_25,AL,1876,64.00545888775162
MASTER,AL_26,AL,1085,37.01808256567724
MASTER,CAT_1,CAT,1085,37.01808256567724
MASTER,AL_27,AL,2679,91.40225179119754
MASTER,AL_28,AL,2679,91.40225179119754
MASTER,AL_29,AL,2679,91.40225179119754
MASTER,AL_30,AL,2679,91.40225179119754
MASTER,AL_31,AL,2679,91.40225179119754
MASTER,AL_32,AL,2679,91.40225179119754
MASTER,AL_33,AL,2679,91.40225179119754
MASTER,AL_34,AL,2679,91.40225179119754
MASTER,AL_35,AL,2679,91.40225179119754
MASTER,AL_36,AL,2679,91.40225179119754
MASTER,AL_37,AL,2679,91.40225179119754
MASTER,AL_38,AL,2679,91.40225179119754
MASTER,AL_39,AL,1417,48.34527465029
MASTER,AL_40,AL,1417,48.34527465029
MASTER,AL_41,AL,1417,48.34527465029
MASTER,AL_42,AL,1417,48.34527465029
MASTER,AL_43,AL,1417,48.34527465029
MASTER,AL_44,AL,1417,48.34527465029
MASTER,AL_45,AL,1417,48.34527465029
MASTER,AL_46,AL,1417,48.34527465029
MASTER,AL_47,AL,1417,48.34527465029
MASTER,AL_48,AL,1417,48.34527465029
MASTER,AL_49,AL,1417,48.34527465029
MASTER,AL_50,AL,1417,48.34527465029
MASTER,AL_51,AL,1417,48.34527465029
MASTER,AL_52,AL,1417,48.34527465029
MASTER,AL_53,AL,1417,48.34527465029
MASTER,AL_54,AL,1417,48.34527465029
MASTER,AL_55,AL,1417,48.34527465029
MASTER,AL_56,AL,1417,48.34527465029
MASTER,AL_57,AL,1417,48.34527465029
MASTER,AL_58,AL,1417,48.34527465029
MASTER,AL_59,AL,1417,48.34527465029
MASTER,AL_60,AL,1417,48.34527465029
MASTER,AL_61,AL,1417,48.34527465029
MASTER,AL_62,AL,1417,48.34527465029
MASTER,AL_63,AL,1417,48.34527465029
MASTER,AL_64,AL,1417,48.34527465029
MASTER,AL_65,AL,1417,48.34527465029
MASTER,AL_66,AL,1417,48.34527465029
MASTER,AL_67,AL,1417,48.34527465029
MASTER,AL_68,AL,1417,48.34527465029
MASTER,AL_69,AL,1417,48.34527465029
MASTER,AL_70,AL,1417,48.34527465029
MASTER,AL_71,AL,1417,48.34527465029
MASTER,AL_72,AL,1417,48.34527465029
MASTER,AL_73,AL,1417,48.34527465029
MASTER,AL_74,AL,1417,48.34527465029
MASTER,AL_75,AL,1734,59.16069600818833
MASTER,AL_76,AL,1734,59.16069600818833
MASTER,AL_77,AL,1734,59.16069600818833
MASTER,AL_78,AL,1734,59.16069600818833
MASTER,AL_79,AL,1734,59.16069600818833
MASTER,AL_80,AL,1734,59.16069600818833
MASTER,AL_81,AL,1734,59.16069600818833
MASTER,AL_82,AL,1734,59.16069600818833
MASTER,AL_83,AL,1734,59.16069600818833
MASTER,AL_84,AL,1734,59.16069600818833
MASTER,AL_85,AL,1734,59.16069600818833
MASTER,AL_86,AL,1734,59.16069600818833
MASTER,AL_87,AL,1734,59.16069600818833
MASTER,AL_88,AL,1734,59.16069600818833
MASTER,AL_89,AL,1734,59.16069600818833
MASTER,AL_90,AL,1734,59.16069600818833
MASTER,AL_91,AL,1734,59.16069600818833
MASTER,AL_92,AL,1734,59.16069600818833
MASTER,AL_93,AL,1734,59.16069600818833
MASTER,AL_94,AL,1734,59.16069600818833
MASTER,AL_95,AL,1734,59.16069600818833
MASTER,CAT_2,CAT,1734,59.16069600818833
MASTER,AL_96,AL,1734,59.16069600818833
MASTER,AL_97,AL,1734,59.16069600818833
MASTER,AL_98,AL,1734,59.16069600818833
MASTER,CAT_3,CAT,359,12.248379392698737
MASTER,CAT_4,CAT,359,12.248379392698737
MASTER,EK_1,EK,359,12.248379392698737
MASTER,EK_2,EK,359,12.248379392698737
MASTER,EK_3,EK,1330,45.3770044353463
MASTER,AL_99,AL,1445,49.30058000682361
MASTER,AL_100,AL,1445,49.30058000682361
MASTER,AL_101,AL,1445,49.30058000682361
MASTER,AL_102,AL,1445,49.30058000682361
MASTER,AL_103,AL,1445,49.30058000682361
MASTER,AL_104,AL,1445,49.30058000682361
MASTER,AL_105,AL,1445,49.30058000682361
MASTER,AL_106,AL,1445,49.30058000682361
MASTER,AL_107,AL,1445,49.30058000682361
MASTER,AL_108,AL,1445,49.30058000682361
MASTER,AL_109,AL,1445,49.30058000682361
MASTER,AL_110,AL,1445,49.30058000682361
MASTER,AL_111,AL,1445,49.30058000682361
MASTER,AL_112,AL,1445,49.30058000682361
MASTER,AL_113,AL,1445,49.30058000682361
MASTER,AL_114,AL,1445,49.30058000682361
MASTER,AL_115,AL,1445,49.30058000682361
MASTER,AL_116,AL,1445,49.30058000682361
MASTER,AL_117,AL,1445,49.30058000682361
MASTER,AL_118,AL,1445,49.30058000682361
MASTER,AL_119,AL,1445,49.30058000682361
MASTER,AL_120,AL,1445,49.30058000682361
MASTER,AL_121,AL,1445,49.30058000682361
MASTER,AL_122,AL,1445,49.30058000682361
MASTER,AL_123,AL,1445,49.30058000682361
MASTER,AL_124,AL,1445,49.30058000682361
MASTER,AL_125,AL,1445,49.30058000682361
MASTER,AL_126,AL,1445,49.30058000682361
MASTER,AL_127,AL,1445,49.30058000682361
MASTER,AL_128,AL,1445,49.30058000682361
MASTER,AL_129,AL,1445,49.30058000682361
MASTER,AL_130,AL,1445,49.30058000682361
MASTER,AL_131,AL,1445,49.30058000682361
MASTER,AL_132,AL,1445,49.30058000682361
MASTER,AL_133,AL,1445,49.30058000682361
MASTER,AL_134,AL,1445,49.30058000682361
MASTER,AL_135,AL,1445,49.30058000682361
MASTER,AL_136,AL,1445,49.30058000682361
MASTER,AL_137,AL,1445,49.30058000682361
MASTER,AL_138,AL,1445,49.30058000682361
MASTER,AL_139,AL,1445,49.30058000682361
MASTER,AL_140,AL,1445,49.30058000682361
MASTER,AL_141,AL,1445,49.30058000682361
MASTER,AL_142,AL,1445,49.30058000682361
MASTER,AL_143,AL,1445,49.30058000682361
MASTER,AL_144,AL,1445,49.30058000682361
MASTER,AL_145,AL,1445,49.30058000682361
MASTER,AL_146,AL,1445,49.30058000682361
MASTER,AL_147,AL,1445,49.30058000682361
MASTER,AL_148,AL,1445,49.30058000682361
MASTER,AL_149,AL,1445,49.30058000682361
MASTER,AL_150,AL,1445,49.30058000682361
MASTER,AL_151,AL,1445,49.30058000682361
MASTER,AL_152,AL,1445,49.30058000682361
MASTER,AL_153,AL,1445,49.30058000682361
MASTER,AL_154,AL,1445,49.30058000682361
MASTER,AL_155,AL,1445,49.30058000682361
MASTER,AL_156,AL,1445,49.30058000682361
MASTER,AL_157,AL,1445,49.30058000682361
MASTER,AL_158,AL,1445,49.30058000682361
MASTER,AL_159,AL,1445,49.30058000682361
MASTER,AL_160,AL,1445,49.30058000682361
MASTER,AL_161,AL,1445,49.30058000682361
MASTER,AL_162,AL,1445,49.30058000682361
MASTER,AL_163,AL,1445,49.30058000682361
MASTER,AL_164,AL,1445,49.30058000682361
MASTER,AL_165,AL,1445,49.30058000682361
MASTER,AL_166,AL,1445,49.30058000682361
MASTER,AL_167,AL,1445,49.30058000682361
MASTER,AL_168,AL,1445,49.30058000682361
MASTER,AL_169,AL,1445,49.30058000682361
MASTER,AL_170,AL,1445,49.30058000682361
MASTER,AL_171,AL,1445,49.30058000682361
MASTER,AL_172,AL,1445,49.30058000682361
MASTER,AL_173,AL,1445,49.30058000682361
MASTER,AL_174,AL,1445,49.30058000682361
MASTER,AL_175,AL,1445,49.30058000682361
MASTER,AL_176,AL,1445,49.30058000682361
MASTER,AL_177,AL,1445,49.30058000682361
MASTER,AL_178,AL,1445,49.30058000682361
MASTER,AL_179,AL,1445,49.30058000682361
MASTER,AL_180,AL,1445,49.30058000682361
MASTER,AL_181,AL,1445,49.30058000682361
MASTER,AL_182,AL,1445,49.30058000682361
MASTER,AL_183,AL,1946,66.39372227908564
MASTER,AL_184,AL,1946,66.39372227908564
MASTER,AL_185,AL,1946,66.39372227908564
MASTER,CAT_5,CAT,359,12.248379392698737
MASTER,AL_186,AL,919,31.354486523370863
MASTER,AL_187,AL,1890,64.48311156601842
MASTER,AL_188,AL,1890,64.48311156601842
MASTER,AL_189,AL,1890,64.48311156601842
MASTER,AL_190,AL,1890,64.48311156601842
MASTER,AL_191,AL,1890,64.48311156601842
MASTER,AL_192,AL,1890,64.48311156601842
MASTER,AL_193,AL,1890,64.48311156601842
MASTER,AL_194,AL,1890,64.48311156601842
MASTER,AL_195,AL,1890,64.48311156601842
MASTER,AL_196,AL,1890,64.48311156601842
MASTER,AL_197,AL,1890,64.48311156601842
MASTER,AL_198,AL,1890,64.48311156601842
MASTER,AL_199,AL,1890,64.48311156601842
MASTER,AL_200,AL,1890,64.48311156601842
MASTER,AL_201,AL,1890,64.48311156601842
MASTER,AL_202,AL,1890,64.48311156601842
MASTER,AL_203,AL,1890,64.48311156601842
MASTER,AL_204,AL,1890,64.48311156601842
MASTER,AL_205,AL,1890,64.48311156601842
MASTER,AL_206,AL,1890,64.48311156601842
MASTER,AL_207,AL,1890,64.48311156601842
MASTER,AL_208,AL,1890,64.48311156601842
MASTER,AL_209,AL,1890,64.48311156601842
MASTER,AL_210,AL,1890,64.48311156601842
MASTER,AL_211,AL,1890,64.48311156601842
MASTER,AL_212,AL,1890,64.48311156601842
MASTER,AL_213,AL,1890,64.48311156601842
MASTER,AL_214,AL,2179,74.34322756738315
MASTER,AL_215,AL,2179,74.34322756738315
MASTER,AL_216,AL,2179,74.34322756738315
MASTER,AL_217,AL,2179,74.34322756738315
MASTER,AL_218,AL,1890,64.48311156601842
MASTER,AL_219,AL,1890,64.48311156601842
MASTER,AL_220,AL,1890,64.48311156601842
MASTER,AL_221,AL,1890,64.48311156601842
MASTER,AL_222,AL,1890,64.48311156601842
MASTER,CAT_6,CAT,2864,97.71409075400886
MASTER,AL_223,AL,1890,64.48311156601842
MASTER,AL_224,AL,1890,64.48311156601842
MASTER,AL_225,AL,1890,64.48311156601842
MASTER,AL_226,AL,1890,64.48311156601842
MASTER,AL_227,AL,1890,64.48311156601842
MASTER,AL_228,AL,1890,64.48311156601842
MASTER,AL_229,AL,1890,64.48311156601842
MASTER,AL_230,AL,1890,64.48311156601842
MASTER,AL_231,AL,1890,64.48311156601842
MASTER,AL_232,AL,1890,64.48311156601842
MASTER,AL_233,AL,1890,64.48311156601842
MASTER,AL_234,AL,1890,64.48311156601842
MASTER,AL_235,AL,1890,64.48311156601842
MASTER,AL_236,AL,1890,64.48311156601842
MASTER,AL_237,AL,1890,64.48311156601842
MASTER,AL_238,AL,1890,64.48311156601842
MASTER,AL_239,AL,1890,64.48311156601842
MASTER,AL_240,AL,1890,64.48311156601842
MASTER,AL_241,AL,1890,64.48311156601842
MASTER,AL_242,AL,1890,64.48311156601842
MASTER,AL_243,AL,1890,64.48311156601842
MASTER,AL_244,AL,1890,64.48311156601842
MASTER,AL_245,AL,1890,64.48311156601842
MASTER,AL_246,AL,1890,64.48311156601842
MASTER,AL_247,AL,1890,64.48311156601842
MASTER,AL_248,AL,1890,64.48311156601842
MASTER,AL_249,AL,1890,64.48311156601842
MASTER,AL_250,AL,1940,66.18901398839986
MASTER,AL_251,AL,1940,66.18901398839986
MASTER,AL_252,AL,1940,66.18901398839986
MASTER,AL_253,AL,1940,66.18901398839986
MASTER,AL_254,AL,1890,64.48311156601842
MASTER,AL_255,AL,1890,64.48311156601842
MASTER,AL_256,AL,1890,64.48311156601842
MASTER,AL_257,AL,1890,64.48311156601842
MASTER,AL_258,AL,1890,64.48311156601842
MASTER,AL_259,AL,1890,64.48311156601842
MASTER,AL_260,AL,1890,64.48311156601842
MASTER,AL_261,AL,1890,64.48311156601842
MASTER,AL_262,AL,1890,64.48311156601842
MASTER,AL_263,AL,1890,64.48311156601842
MASTER,AL_264,AL,1890,64.48311156601842
MASTER,AL_265,AL,1890,64.48311156601842
MASTER,AL_266,AL,1890,64.48311156601842
MASTER,AL_267,AL,1890,64.48311156601842
MASTER,AL_268,AL,1890,64.48311156601842
MASTER,AL_269,AL,1890,64.48311156601842
MASTER,AL_270,AL,1890,64.48311156601842
MASTER,AL_271,AL,1890,64.48311156601842
MASTER,AL_272,AL,1890,64.48311156601842
MASTER,AL_273,AL,1890,64.48311156601842
MASTER,AL_274,AL,1890,64.48311156601842
MASTER,AL_275,AL,1891,64.51722961446605
MASTER,AL_276,AL,1890,64.48311156601842
MASTER,AL_277,AL,1890,64.48311156601842
MASTER,AL_278,AL,1890,64.48311156601842
MASTER,AL_279,AL,1890,64.48311156601842
MASTER,AL_280,AL,1890,64.48311156601842
MASTER,AL_281,AL,1890,64.48311156601842
MASTER,AL_282,AL,1890,64.48311156601842
MASTER,AL_283,AL,1890,64.48311156601842
MASTER,AL_284,AL,1890,64.48311156601842
MASTER,AL_285,AL,1890,64.48311156601842
MASTER,AL_286,AL,1952,66.59843056977141
MASTER,AL_287,AL,1952,66.59843056977141
MASTER,AL_288,AL,1952,66.59843056977141
MASTER,AL_289,AL,1952,66.59843056977141
MASTER,AL_290,AL,1890,64.48311156601842
MASTER,AL_291,AL,1890,64.48311156601842
MASTER,AL_292,AL,1890,64.48311156601842
MASTER,AL_293,AL,1890,64.48311156601842
MASTER,AL_294,AL,1890,64.48311156601842
MASTER,AL_295,AL,1299,44.31934493346981
MASTER,AL_296,AL,1299,44.31934493346981
MASTER,AL_297,AL,1299,44.31934493346981
MASTER,AL_298,AL,1299,44.31934493346981
MASTER,AL_299,AL,1299,44.31934493346981
MASTER,AL_300,AL,1299,44.31934493346981
MASTER,AL_301,AL,1299,44.31934493346981
MASTER,AL_302,AL,1299,44.31934493346981
MASTER,AL_303,AL,1299,44.31934493346981
MASTER,AL_304,AL,1299,44.31934493346981
MASTER,AL_305,AL,1299,44.31934493346981
MASTER,AL_306,AL,1299,44.31934493346981
MASTER,AL_307,AL,1299,44.31934493346981
MASTER,AL_308,AL,1299,44.31934493346981
MASTER,AL_309,AL,1299,44.31934493346981
MASTER,AL_310,AL,1299,44.31934493346981
MASTER,AL_311,AL,1299,44.31934493346981
MASTER,AL_312,AL,1299,44.31934493346981
MASTER,AL_313,AL,1299,44.31934493346981
MASTER,AL_314,AL,1299,44.31934493346981
MASTER,AL_315,AL,1299,44.31934493346981
MASTER,AL_316,AL,1299,44.31934493346981
MASTER,AL_317,AL,1299,44.31934493346981
MASTER,AL_318,AL,1299,44.31934493346981
MASTER,AL_319,AL,1299,44.31934493346981
MASTER,AL_320,AL,1299,44.31934493346981
MASTER,AL_321,AL,1299,44.31934493346981
MASTER,AL_322,AL,1299,44.31934493346981
MASTER,AL_323,AL,1299,44.31934493346981
MASTER,AL_324,AL,1299,44.31934493346981
MASTER,AL_325,AL,1299,44.31934493346981
MASTER,AL_326,AL,1299,44.31934493346981
MASTER,AL_327,AL,1299,44.31934493346981
MASTER,AL_328,AL,1299,44.31934493346981
MASTER,AL_329,AL,1299,44.31934493346981
MASTER,AL_330,AL,1299,44.31934493346981
MASTER,AL_331,AL,1299,44.31934493346981
MASTER,AL_332,AL,1299,44.31934493346981
MASTER,AL_333,AL,1299,44.31934493346981
MASTER,AL_334,AL,1299,44.31934493346981
MASTER,EK_4,EK,359,12.248379392698737
MASTER,EK_5,EK,359,12.248379392698737
MASTER,EK_6,EK,359,12.248379392698737
MASTER,EK_7,EK,359,12.248379392698737
MASTER,EK_8,EK,359,12.248379392698737
MASTER,EK_9,EK,607,20.709655407710677
MASTER,AA_1,AA,348,11.87308085977482
MASTER,AA_2,AA,350,11.941316956670079
KANSER,AL_1,AL,343,88.4020618556701
KANSER,AL_2,AL,343,88.4020618556701
KANSER,AL_3,AL,343,88.4020618556701
KANSER,AL_4,AL,343,88.4020618556701
KANSER,AL_5,AL,343,88.4020618556701
KANSER,AL_6,AL,343,88.4020618556701
KANSER,AL_7,AL,173,44.58762886597938
KANSER,AL_8,AL,173,44.58762886597938
KANSER,AL_9,AL,173,44.58762886597938
KANSER,AL_10,AL,173,44.58762886597938
KANSER,AL_11,AL,173,44.58762886597938
KANSER,AL_12,AL,173,44.58762886597938
KANSER,AL_13,AL,173,44.58762886597938
KANSER,AL_14,AL,173,44.58762886597938
KANSER,AL_15,AL,173,44.58762886597938
KANSER,AL_16,AL,266,68.55670103092784
KANSER,AL_17,AL,266,68.55670103092784
KANSER,AL_18,AL,266,68.55670103092784
KANSER,AL_19,AL,266,68.55670103092784
KANSER,AL_20,AL,266,68.55670103092784
KANSER,AL_21,AL,266,68.55670103092784
KANSER,AL_22,AL,266,68.55670103092784
KANSER,AL_23,AL,266,68.55670103092784
KANSER,AL_24,AL,266,68.55670103092784
KANSER,AL_25,AL,266,68.55670103092784
KANSER,AL_26,AL,166,42.78350515463917
KANSER,CAT_1,CAT,166,42.78350515463917
KANSER,AL_27,AL,349,89.94845360824742
KANSER,AL_28,AL,349,89.94845360824742
KANSER,AL_29,AL,349,89.94845360824742
KANSER,AL_30,AL,349,89.94845360824742
KANSER,AL_31,AL,349,89.94845360824742
KANSER,AL_32,AL,349,89.94845360824742
KANSER,AL_33,AL,349,89.94845360824742
KANSER,AL_34,AL,349,89.94845360824742
KANSER,AL_35,AL,349,89.94845360824742
KANSER,AL_36,AL,349,89.94845360824742
KANSER,AL_37,AL,349,89.94845360824742
KANSER,AL_38,AL,349,89.94845360824742
KANSER,AL_39,AL,146,37.628865979381445
KANSER,AL_40,AL,146,37.628865979381445
KANSER,AL_41,AL,146,37.628865979381445
KANSER,AL_42,AL,146,37.628865979381445
KANSER,AL_43,AL,146,37.628865979381445
KANSER,AL_44,AL,146,37.628865979381445
KANSER,AL_45,AL,146,37.628865979381445
KANSER,AL_46,AL,146,37.628865979381445
KANSER,AL_47,AL,146,37.628865979381445
KANSER,AL_48,AL,146,37.628865979381445
KANSER,AL_49,AL,146,37.628865979381445
KANSER,AL_50,AL,146,37.628865979381445
KANSER,AL_51,AL,146,37.628865979381445
KANSER,AL_52,AL,146,37.628865979381445
KANSER,AL_53,AL,146,37.628865979381445
KANSER,AL_54,AL,146,37.628865979381445
KANSER,AL_55,AL,146,37.628865979381445
KANSER,AL_56,AL,146,37.628865979381445
KANSER,AL_57,AL,146,37.628865979381445
KANSER,AL_58,AL,146,37.628865979381445
KANSER,AL_59,AL,146,37.628865979381445
KANSER,AL_60,AL,146,37.628865979381445
KANSER,AL_61,AL,146,37.628865979381445
KANSER,AL_62,AL,146,37.628865979381445
KANSER,AL_63,AL,146,37.628865979381445
KANSER,AL_64,AL,146,37.628865979381445
KANSER,AL_65,AL,146,37.628865979381445
KANSER,AL_66,AL,146,37.628865979381445
KANSER,AL_67,AL,146,37.628865979381445
KANSER,AL_68,AL,146,37.628865979381445
KANSER,AL_69,AL,146,37.628865979381445
KANSER,AL_70,AL,146,37.628865979381445
KANSER,AL_71,AL,146,37.628865979381445
KANSER,AL_72,AL,146,37.628865979381445
KANSER,AL_73,AL,146,37.628865979381445
KANSER,AL_74,AL,146,37.628865979381445
KANSER,AL_75,AL,249,64.17525773195877
KANSER,AL_76,AL,249,64.17525773195877
KANSER,AL_77,AL,249,64.17525773195877
KANSER,AL_78,AL,249,64.17525773195877
KANSER,AL_79,AL,249,64.17525773195877
KANSER,AL_80,AL,249,64.17525773195877
KANSER,AL_81,AL,249,64.17525773195877
KANSER,AL_82,AL,249,64.17525773195877
KANSER,AL_83,AL,249,64.17525773195877
KANSER,AL_84,AL,249,64.17525773195877
KANSER,AL_85,AL,249,64.17525773195877
KANSER,AL_86,AL,249,64.17525773195877
KANSER,AL_87,AL,249,64.17525773195877
KANSER,AL_88,AL,249,64.17525773195877
KANSER,AL_89,AL,249,64.17525773195877
KANSER,AL_90,AL,249,64.17525773195877
KANSER,AL_91,AL,249,64.17525773195877
KANSER,AL_92,AL,249,64.17525773195877
KANSER,AL_93,AL,249,64.17525773195877
KANSER,AL_94,AL,249,64.17525773195877
KANSER,AL_95,AL,249,64.17525773195877
KANSER,CAT_2,CAT,249,64.17525773195877
KANSER,AL_96,AL,249,64.17525773195877
KANSER,AL_97,AL,249,64.17525773195877
KANSER,AL_98,AL,249,64.17525773195877
KANSER,CAT_3,CAT,23,5.927835051546392
KANSER,CAT_4,CAT,23,5.927835051546392
KANSER,EK_1,EK,23,5.927835051546392
KANSER,EK_2,EK,23,5.927835051546392
KANSER,EK_3,EK,129,33.24742268041237
KANSER,AL_99,AL,205,52.83505154639175
KANSER,AL_100,AL,205,52.83505154639175
KANSER,AL_101,AL,205,52.83505154639175
KANSER,AL_102,AL,205,52.83505154639175
KANSER,AL_103,AL,205,52.83505154639175
KANSER,AL_104,AL,205,52.83505154639175
KANSER,AL_105,AL,205,52.83505154639175
KANSER,AL_106,AL,205,52.83505154639175
KANSER,AL_107,AL,205,52.83505154639175
KANSER,AL_108,AL,205,52.83505154639175
KANSER,AL_109,AL,205,52.83505154639175
KANSER,AL_110,AL,205,52.83505154639175
KANSER,AL_111,AL,205,52.83505154639175
KANSER,AL_112,AL,205,52.83505154639175
KANSER,AL_113,AL,205,52.83505154639175
KANSER,AL_114,AL,205,52.83505154639175
KANSER,AL_115,AL,205,52.83505154639175
KANSER,AL_116,AL,205,52.83505154639175
KANSER,AL_117,AL,205,52.83505154639175
KANSER,AL_118,AL,205,52.83505154639175
KANSER,AL_119,AL,205,52.83505154639175
KANSER,AL_120,AL,205,52.83505154639175
KANSER,AL_121,AL,205,52.83505154639175
KANSER,AL_122,AL,205,52.83505154639175
KANSER,AL_123,AL,205,52.83505154639175
KANSER,AL_124,AL,205,52.83505154639175
KANSER,AL_125,AL,205,52.83505154639175
KANSER,AL_126,AL,205,52.83505154639175
KANSER,AL_127,AL,205,52.83505154639175
KANSER,AL_128,AL,205,52.83505154639175
KANSER,AL_129,AL,205,52.83505154639175
KANSER,AL_130,AL,205,52.83505154639175
KANSER,AL_131,AL,205,52.83505154639175
KANSER,AL_132,AL,205,52.83505154639175
KANSER,AL_133,AL,205,52.83505154639175
KANSER,AL_134,AL,205,52.83505154639175
KANSER,AL_135,AL,205,52.83505154639175
KANSER,AL_136,AL,205,52.83505154639175
KANSER,AL_137,AL,205,52.83505154639175
KANSER,AL_138,AL,205,52.83505154639175
KANSER,AL_139,AL,205,52.83505154639175
KANSER,AL_140,AL,205,52.83505154639175
KANSER,AL_141,AL,205,52.83505154639175
KANSER,AL_142,AL,205,52.83505154639175
KANSER,AL_143,AL,205,52.83505154639175
KANSER,AL_144,AL,205,52.83505154639175
KANSER,AL_145,AL,205,52.83505154639175
KANSER,AL_146,AL,205,52.83505154639175
KANSER,AL_147,AL,205,52.83505154639175
KANSER,AL_148,AL,205,52.83505154639175
KANSER,AL_149,AL,205,52.83505154639175
KANSER,AL_150,AL,205,52.83505154639175
KANSER,AL_151,AL,205,52.83505154639175
KANSER,AL_152,AL,205,52.83505154639175
KANSER,AL_153,AL,205,52.83505154639175
KANSER,AL_154,AL,205,52.83505154639175
KANSER,AL_155,AL,205,52.83505154639175
KANSER,AL_156,AL,205,52.83505154639175
KANSER,AL_157,AL,205,52.83505154639175
KANSER,AL_158,AL,205,52.83505154639175
KANSER,AL_159,AL,205,52.83505154639175
KANSER,AL_160,AL,205,52.83505154639175
KANSER,AL_161,AL,205,52.83505154639175
KANSER,AL_162,AL,205,52.83505154639175
KANSER,AL_163,AL,205,52.83505154639175
KANSER,AL_164,AL,205,52.83505154639175
KANSER,AL_165,AL,205,52.83505154639175
KANSER,AL_166,AL,205,52.83505154639175
KANSER,AL_167,AL,205,52.83505154639175
KANSER,AL_168,AL,205,52.83505154639175
KANSER,AL_169,AL,205,52.83505154639175
KANSER,AL_170,AL,205,52.83505154639175
KANSER,AL_171,AL,205,52.83505154639175
KANSER,AL_172,AL,205,52.83505154639175
KANSER,AL_173,AL,205,52.83505154639175
KANSER,AL_174,AL,205,52.83505154639175
KANSER,AL_175,AL,205,52.83505154639175
KANSER,AL_176,AL,205,52.83505154639175
KANSER,AL_177,AL,205,52.83505154639175
KANSER,AL_178,AL,205,52.83505154639175
KANSER,AL_179,AL,205,52.83505154639175
KANSER,AL_180,AL,205,52.83505154639175
KANSER,AL_181,AL,205,52.83505154639175
KANSER,AL_182,AL,205,52.83505154639175
KANSER,AL_183,AL,284,73.19587628865979
KANSER,AL_184,AL,284,73.19587628865979
KANSER,AL_185,AL,284,73.19587628865979
KANSER,CAT_5,CAT,23,5.927835051546392
KANSER,AL_186,AL,101,26.030927835051546
KANSER,AL_187,AL,271,69.84536082474227
KANSER,AL_188,AL,271,69.84536082474227
KANSER,AL_189,AL,271,69.84536082474227
KANSER,AL_190,AL,271,69.84536082474227
KANSER,AL_191,AL,271,69.84536082474227
KANSER,AL_192,AL,271,69.84536082474227
KANSER,AL_193,AL,271,69.84536082474227
KANSER,AL_194,AL,271,69.84536082474227
KANSER,AL_195,AL,271,69.84536082474227
KANSER,AL_196,AL,271,69.84536082474227
KANSER,AL_197,AL,271,69.84536082474227
KANSER,AL_198,AL,271,69.84536082474227
KANSER,AL_199,AL,271,69.84536082474227
KANSER,AL_200,AL,271,69.84536082474227
KANSER,AL_201,AL,271,69.84536082474227
KANSER,AL_202,AL,271,69.84536082474227
KANSER,AL_203,AL,271,69.84536082474227
KANSER,AL_204,AL,271,69.84536082474227
KANSER,AL_205,AL,271,69.84536082474227
KANSER,AL_206,AL,271,69.84536082474227
KANSER,AL_207,AL,271,69.84536082474227
KANSER,AL_208,AL,271,69.84536082474227
KANSER,AL_209,AL,271,69.84536082474227
KANSER,AL_210,AL,271,69.84536082474227
KANSER,AL_211,AL,271,69.84536082474227
KANSER,AL_212,AL,271,69.84536082474227
KANSER,AL_213,AL,271,69.84536082474227
KANSER,AL_214,AL,300,77.31958762886597
KANSER,AL_215,AL,300,77.31958762886597
KANSER,AL_216,AL,300,77.31958762886597
KANSER,AL_217,AL,300,77.31958762886597
KANSER,AL_218,AL,271,69.84536082474227
KANSER,AL_219,AL,271,69.84536082474227
KANSER,AL_220,AL,271,69.84536082474227
KANSER,AL_221,AL,271,69.84536082474227
KANSER,AL_222,AL,271,69.84536082474227
KANSER,CAT_6,CAT,384,98.96907216494846
KANSER,AL_223,AL,271,69.84536082474227
KANSER,AL_224,AL,271,69.84536082474227
KANSER,AL_225,AL,271,69.84536082474227
KANSER,AL_226,AL,271,69.84536082474227
KANSER,AL_227,AL,271,69.84536082474227
KANSER,AL_228,AL,271,69.84536082474227
KANSER,AL_229,AL,271,69.84536082474227
KANSER,AL_230,AL,271,69.84536082474227
KANSER,AL_231,AL,271,69.84536082474227
KANSER,AL_232,AL,271,69.84536082474227
KANSER,AL_233,AL,271,69.84536082474227
KANSER,AL_234,AL,271,69.84536082474227
KANSER,AL_235,AL,271,69.84536082474227
KANSER,AL_236,AL,271,69.84536082474227
KANSER,AL_237,AL,271,69.84536082474227
KANSER,AL_238,AL,271,69.84536082474227
KANSER,AL_239,AL,271,69.84536082474227
KANSER,AL_240,AL,271,69.84536082474227
KANSER,AL_241,AL,271,69.84536082474227
KANSER,AL_242,AL,271,69.84536082474227
KANSER,AL_243,AL,271,69.84536082474227
KANSER,AL_244,AL,271,69.84536082474227
KANSER,AL_245,AL,271,69.84536082474227
KANSER,AL_246,AL,271,69.84536082474227
KANSER,AL_247,AL,271,69.84536082474227
KANSER,AL_248,AL,271,69.84536082474227
KANSER,AL_249,AL,271,69.84536082474227
KANSER,AL_250,AL,280,72.16494845360825
KANSER,AL_251,AL,280,72.16494845360825
KANSER,AL_252,AL,280,72.16494845360825
KANSER,AL_253,AL,280,72.16494845360825
KANSER,AL_254,AL,271,69.84536082474227
KANSER,AL_255,AL,271,69.84536082474227
KANSER,AL_256,AL,271,69.84536082474227
KANSER,AL_257,AL,271,69.84536082474227
KANSER,AL_258,AL,271,69.84536082474227
KANSER,AL_259,AL,271,69.84536082474227
KANSER,AL_260,AL,271,69.84536082474227
KANSER,AL_261,AL,271,69.84536082474227
KANSER,AL_262,AL,271,69.84536082474227
KANSER,AL_263,AL,271,69.84536082474227
KANSER,AL_264,AL,271,69.84536082474227
KANSER,AL_265,AL,271,69.84536082474227
KANSER,AL_266,AL,271,69.84536082474227
KANSER,AL_267,AL,271,69.84536082474227
KANSER,AL_268,AL,271,69.84536082474227
KANSER,AL_269,AL,271,69.84536082474227
KANSER,AL_270,AL,271,69.84536082474227
KANSER,AL_271,AL,271,69.84536082474227
KANSER,AL_272,AL,271,69.84536082474227
KANSER,AL_273,AL,271,69.84536082474227
KANSER,AL_274,AL,271,69.84536082474227
KANSER,AL_275,AL,271,69.84536082474227
KANSER,AL_276,AL,271,69.84536082474227
KANSER,AL_277,AL,271,69.84536082474227
KANSER,AL_278,AL,271,69.84536082474227
KANSER,AL_279,AL,271,69.84536082474227
KANSER,AL_280,AL,271,69.84536082474227
KANSER,AL_281,AL,271,69.84536082474227
KANSER,AL_282,AL,271,69.84536082474227
KANSER,AL_283,AL,271,69.84536082474227
KANSER,AL_284,AL,271,69.84536082474227
KANSER,AL_285,AL,271,69.84536082474227
KANSER,AL_286,AL,278,71.64948453608247
KANSER,AL_287,AL,278,71.64948453608247
KANSER,AL_288,AL,278,71.64948453608247
KANSER,AL_289,AL,278,71.64948453608247
KANSER,AL_290,AL,271,69.84536082474227
KANSER,AL_291,AL,271,69.84536082474227
KANSER,AL_292,AL,271,69.84536082474227
KANSER,AL_293,AL,271,69.84536082474227
KANSER,AL_294,AL,271,69.84536082474227
KANSER,AL_295,AL,190,48.96907216494845
KANSER,AL_296,AL,190,48.96907216494845
KANSER,AL_297,AL,190,48.96907216494845
KANSER,AL_298,AL,190,48.96907216494845
KANSER,AL_299,AL,190,48.96907216494845
KANSER,AL_300,AL,190,48.96907216494845
KANSER,AL_301,AL,190,48.96907216494845
KANSER,AL_302,AL,190,48.96907216494845
KANSER,AL_303,AL,190,48.96907216494845
KANSER,AL_304,AL,190,48.96907216494845
KANSER,AL_305,AL,190,48.96907216494845
KANSER,AL_306,AL,190,48.96907216494845
KANSER,AL_307,AL,190,48.96907216494845
KANSER,AL_308,AL,190,48.96907216494845
KANSER,AL_309,AL,190,48.96907216494845
KANSER,AL_310,AL,190,48.96907216494845
KANSER,AL_311,AL,190,48.96907216494845
KANSER,AL_312,AL,190,48.96907216494845
KANSER,AL_313,AL,190,48.96907216494845
KANSER,AL_314,AL,190,48.96907216494845
KANSER,AL_315,AL,190,48.96907216494845
KANSER,AL_316,AL,190,48.96907216494845
KANSER,AL_317,AL,190,48.96907216494845
KANSER,AL_318,AL,190,48.96907216494845
KANSER,AL_319,AL,190,48.96907216494845
KANSER,AL_320,AL,190,48.96907216494845
KANSER,AL_321,AL,190,48.96907216494845
KANSER,AL_322,AL,190,48.96907216494845
KANSER,AL_323,AL,190,48.96907216494845
KANSER,AL_324,AL,190,48.96907216494845
KANSER,AL_325,AL,190,48.96907216494845
KANSER,AL_326,AL,190,48.96907216494845
KANSER,AL_327,AL,190,48.96907216494845
KANSER,AL_328,AL,190,48.96907216494845
KANSER,AL_329,AL,190,48.96907216494845
KANSER,AL_330,AL,190,48.96907216494845
KANSER,AL_331,AL,190,48.96907216494845
KANSER,AL_332,AL,190,48.96907216494845
KANSER,AL_333,AL,190,48.96907216494845
KANSER,AL_334,AL,190,48.96907216494845
KANSER,EK_4,EK,23,5.927835051546392
KANSER,EK_5,EK,23,5.927835051546392
KANSER,EK_6,EK,24,6.185567010309279
KANSER,EK_7,EK,23,5.927835051546392
KANSER,EK_8,EK,23,5.927835051546392
KANSER,EK_9,EK,24,6.185567010309279
KANSER,AA_1,AA,22,5.670103092783505
KANSER,AA_2,AA,22,5.670103092783505
PAH,AL_1,AL,358,96.23655913978494
PAH,AL_2,AL,358,96.23655913978494
PAH,AL_3,AL,358,96.23655913978494
PAH,AL_4,AL,358,96.23655913978494
PAH,AL_5,AL,358,96.23655913978494
PAH,AL_6,AL,358,96.23655913978494
PAH,AL_7,AL,152,40.86021505376344
PAH,AL_8,AL,152,40.86021505376344
PAH,AL_9,AL,152,40.86021505376344
PAH,AL_10,AL,152,40.86021505376344
PAH,AL_11,AL,152,40.86021505376344
PAH,AL_12,AL,152,40.86021505376344
PAH,AL_13,AL,152,40.86021505376344
PAH,AL_14,AL,152,40.86021505376344
PAH,AL_15,AL,152,40.86021505376344
PAH,AL_16,AL,250,67.20430107526882
PAH,AL_17,AL,250,67.20430107526882
PAH,AL_18,AL,250,67.20430107526882
PAH,AL_19,AL,250,67.20430107526882
PAH,AL_20,AL,250,67.20430107526882
PAH,AL_21,AL,250,67.20430107526882
PAH,AL_22,AL,250,67.20430107526882
PAH,AL_23,AL,250,67.20430107526882
PAH,AL_24,AL,250,67.20430107526882
PAH,AL_25,AL,250,67.20430107526882
PAH,AL_26,AL,135,36.29032258064516
PAH,CAT_1,CAT,135,36.29032258064516
PAH,AL_27,AL,358,96.23655913978494
PAH,AL_28,AL,358,96.23655913978494
PAH,AL_29,AL,358,96.23655913978494
PAH,AL_30,AL,358,96.23655913978494
PAH,AL_31,AL,358,96.23655913978494
PAH,AL_32,AL,358,96.23655913978494
PAH,AL_33,AL,358,96.23655913978494
PAH,AL_34,AL,358,96.23655913978494
PAH,AL_35,AL,358,96.23655913978494
PAH,AL_36,AL,358,96.23655913978494
PAH,AL_37,AL,358,96.23655913978494
PAH,AL_38,AL,358,96.23655913978494
PAH,AL_39,AL,216,58.064516129032256
PAH,AL_40,AL,216,58.064516129032256
PAH,AL_41,AL,216,58.064516129032256
PAH,AL_42,AL,216,58.064516129032256
PAH,AL_43,AL,216,58.064516129032256
PAH,AL_44,AL,216,58.064516129032256
PAH,AL_45,AL,216,58.064516129032256
PAH,AL_46,AL,216,58.064516129032256
PAH,AL_47,AL,216,58.064516129032256
PAH,AL_48,AL,216,58.064516129032256
PAH,AL_49,AL,216,58.064516129032256
PAH,AL_50,AL,216,58.064516129032256
PAH,AL_51,AL,216,58.064516129032256
PAH,AL_52,AL,216,58.064516129032256
PAH,AL_53,AL,216,58.064516129032256
PAH,AL_54,AL,216,58.064516129032256
PAH,AL_55,AL,216,58.064516129032256
PAH,AL_56,AL,216,58.064516129032256
PAH,AL_57,AL,216,58.064516129032256
PAH,AL_58,AL,216,58.064516129032256
PAH,AL_59,AL,216,58.064516129032256
PAH,AL_60,AL,216,58.064516129032256
PAH,AL_61,AL,216,58.064516129032256
PAH,AL_62,AL,216,58.064516129032256
PAH,AL_63,AL,216,58.064516129032256
PAH,AL_64,AL,216,58.064516129032256
PAH,AL_65,AL,216,58.064516129032256
PAH,AL_66,AL,216,58.064516129032256
PAH,AL_67,AL,216,58.064516129032256
PAH,AL_68,AL,216,58.064516129032256
PAH,AL_69,AL,216,58.064516129032256
PAH,AL_70,AL,216,58.064516129032256
PAH,AL_71,AL,216,58.064516129032256
PAH,AL_72,AL,216,58.064516129032256
PAH,AL_73,AL,216,58.064516129032256
PAH,AL_74,AL,216,58.064516129032256
PAH,AL_75,AL,228,61.29032258064516
PAH,AL_76,AL,228,61.29032258064516
PAH,AL_77,AL,228,61.29032258064516
PAH,AL_78,AL,228,61.29032258064516
PAH,AL_79,AL,228,61.29032258064516
PAH,AL_80,AL,228,61.29032258064516
PAH,AL_81,AL,228,61.29032258064516
PAH,AL_82,AL,228,61.29032258064516
PAH,AL_83,AL,228,61.29032258064516
PAH,AL_84,AL,228,61.29032258064516
PAH,AL_85,AL,228,61.29032258064516
PAH,AL_86,AL,228,61.29032258064516
PAH,AL_87,AL,228,61.29032258064516
PAH,AL_88,AL,228,61.29032258064516
PAH,AL_89,AL,228,61.29032258064516
PAH,AL_90,AL,228,61.29032258064516
PAH,AL_91,AL,228,61.29032258064516
PAH,AL_92,AL,228,61.29032258064516
PAH,AL_93,AL,228,61.29032258064516
PAH,AL_94,AL,228,61.29032258064516
PAH,AL_95,AL,228,61.29032258064516
PAH,CAT_2,CAT,228,61.29032258064516
PAH,AL_96,AL,228,61.29032258064516
PAH,AL_97,AL,228,61.29032258064516
PAH,AL_98,AL,228,61.29032258064516
PAH,CAT_3,CAT,11,2.956989247311828
PAH,CAT_4,CAT,11,2.956989247311828
PAH,EK_1,EK,11,2.956989247311828
PAH,EK_2,EK,11,2.956989247311828
PAH,EK_3,EK,178,47.8494623655914
PAH,AL_99,AL,170,45.69892473118279
PAH,AL_100,AL,170,45.69892473118279
PAH,AL_101,AL,170,45.69892473118279
PAH,AL_102,AL,170,45.69892473118279
PAH,AL_103,AL,170,45.69892473118279
PAH,AL_104,AL,170,45.69892473118279
PAH,AL_105,AL,170,45.69892473118279
PAH,AL_106,AL,170,45.69892473118279
PAH,AL_107,AL,170,45.69892473118279
PAH,AL_108,AL,170,45.69892473118279
PAH,AL_109,AL,170,45.69892473118279
PAH,AL_110,AL,170,45.69892473118279
PAH,AL_111,AL,170,45.69892473118279
PAH,AL_112,AL,170,45.69892473118279
PAH,AL_113,AL,170,45.69892473118279
PAH,AL_114,AL,170,45.69892473118279
PAH,AL_115,AL,170,45.69892473118279
PAH,AL_116,AL,170,45.69892473118279
PAH,AL_117,AL,170,45.69892473118279
PAH,AL_118,AL,170,45.69892473118279
PAH,AL_119,AL,170,45.69892473118279
PAH,AL_120,AL,170,45.69892473118279
PAH,AL_121,AL,170,45.69892473118279
PAH,AL_122,AL,170,45.69892473118279
PAH,AL_123,AL,170,45.69892473118279
PAH,AL_124,AL,170,45.69892473118279
PAH,AL_125,AL,170,45.69892473118279
PAH,AL_126,AL,170,45.69892473118279
PAH,AL_127,AL,170,45.69892473118279
PAH,AL_128,AL,170,45.69892473118279
PAH,AL_129,AL,170,45.69892473118279
PAH,AL_130,AL,170,45.69892473118279
PAH,AL_131,AL,170,45.69892473118279
PAH,AL_132,AL,170,45.69892473118279
PAH,AL_133,AL,170,45.69892473118279
PAH,AL_134,AL,170,45.69892473118279
PAH,AL_135,AL,170,45.69892473118279
PAH,AL_136,AL,170,45.69892473118279
PAH,AL_137,AL,170,45.69892473118279
PAH,AL_138,AL,170,45.69892473118279
PAH,AL_139,AL,170,45.69892473118279
PAH,AL_140,AL,170,45.69892473118279
PAH,AL_141,AL,170,45.69892473118279
PAH,AL_142,AL,170,45.69892473118279
PAH,AL_143,AL,170,45.69892473118279
PAH,AL_144,AL,170,45.69892473118279
PAH,AL_145,AL,170,45.69892473118279
PAH,AL_146,AL,170,45.69892473118279
PAH,AL_147,AL,170,45.69892473118279
PAH,AL_148,AL,170,45.69892473118279
PAH,AL_149,AL,170,45.69892473118279
PAH,AL_150,AL,170,45.69892473118279
PAH,AL_151,AL,170,45.69892473118279
PAH,AL_152,AL,170,45.69892473118279
PAH,AL_153,AL,170,45.69892473118279
PAH,AL_154,AL,170,45.69892473118279
PAH,AL_155,AL,170,45.69892473118279
PAH,AL_156,AL,170,45.69892473118279
PAH,AL_157,AL,170,45.69892473118279
PAH,AL_158,AL,170,45.69892473118279
PAH,AL_159,AL,170,45.69892473118279
PAH,AL_160,AL,170,45.69892473118279
PAH,AL_161,AL,170,45.69892473118279
PAH,AL_162,AL,170,45.69892473118279
PAH,AL_163,AL,170,45.69892473118279
PAH,AL_164,AL,170,45.69892473118279
PAH,AL_165,AL,170,45.69892473118279
PAH,AL_166,AL,170,45.69892473118279
PAH,AL_167,AL,170,45.69892473118279
PAH,AL_168,AL,170,45.69892473118279
PAH,AL_169,AL,170,45.69892473118279
PAH,AL_170,AL,170,45.69892473118279
PAH,AL_171,AL,170,45.69892473118279
PAH,AL_172,AL,170,45.69892473118279
PAH,AL_173,AL,170,45.69892473118279
PAH,AL_174,AL,170,45.69892473118279
PAH,AL_175,AL,170,45.69892473118279
PAH,AL_176,AL,170,45.69892473118279
PAH,AL_177,AL,170,45.69892473118279
PAH,AL_178,AL,170,45.69892473118279
PAH,AL_179,AL,170,45.69892473118279
PAH,AL_180,AL,170,45.69892473118279
PAH,AL_181,AL,170,45.69892473118279
PAH,AL_182,AL,170,45.69892473118279
PAH,AL_183,AL,253,68.01075268817205
PAH,AL_184,AL,253,68.01075268817205
PAH,AL_185,AL,253,68.01075268817205
PAH,CAT_5,CAT,11,2.956989247311828
PAH,AL_186,AL,99,26.612903225806452
PAH,AL_187,AL,242,65.05376344086021
PAH,AL_188,AL,242,65.05376344086021
PAH,AL_189,AL,242,65.05376344086021
PAH,AL_190,AL,242,65.05376344086021
PAH,AL_191,AL,242,65.05376344086021
PAH,AL_192,AL,242,65.05376344086021
PAH,AL_193,AL,242,65.05376344086021
PAH,AL_194,AL,242,65.05376344086021
PAH,AL_195,AL,242,65.05376344086021
PAH,AL_196,AL,242,65.05376344086021
PAH,AL_197,AL,242,65.05376344086021
PAH,AL_198,AL,242,65.05376344086021
PAH,AL_199,AL,242,65.05376344086021
PAH,AL_200,AL,242,65.05376344086021
PAH,AL_201,AL,242,65.05376344086021
PAH,AL_202,AL,242,65.05376344086021
PAH,AL_203,AL,242,65.05376344086021
PAH,AL_204,AL,242,65.05376344086021
PAH,AL_205,AL,242,65.05376344086021
PAH,AL_206,AL,242,65.05376344086021
PAH,AL_207,AL,242,65.05376344086021
PAH,AL_208,AL,242,65.05376344086021
PAH,AL_209,AL,242,65.05376344086021
PAH,AL_210,AL,242,65.05376344086021
PAH,AL_211,AL,242,65.05376344086021
PAH,AL_212,AL,242,65.05376344086021
PAH,AL_213,AL,242,65.05376344086021
PAH,AL_214,AL,287,77.15053763440861
PAH,AL_215,AL,287,77.15053763440861
PAH,AL_216,AL,287,77.15053763440861
PAH,AL_217,AL,287,77.15053763440861
PAH,AL_218,AL,242,65.05376344086021
PAH,AL_219,AL,242,65.05376344086021
PAH,AL_220,AL,242,65.05376344086021
PAH,AL_221,AL,242,65.05376344086021
PAH,AL_222,AL,242,65.05376344086021
PAH,CAT_6,CAT,372,100.0
PAH,AL_223,AL,242,65.05376344086021
PAH,AL_224,AL,242,65.05376344086021
PAH,AL_225,AL,242,65.05376344086021
PAH,AL_226,AL,242,65.05376344086021
PAH,AL_227,AL,242,65.05376344086021
PAH,AL_228,AL,242,65.05376344086021
PAH,AL_229,AL,242,65.05376344086021
PAH,AL_230,AL,242,65.05376344086021
PAH,AL_231,AL,242,65.05376344086021
PAH,AL_232,AL,242,65.05376344086021
PAH,AL_233,AL,242,65.05376344086021
PAH,AL_234,AL,242,65.05376344086021
PAH,AL_235,AL,242,65.05376344086021
PAH,AL_236,AL,242,65.05376344086021
PAH,AL_237,AL,242,65.05376344086021
PAH,AL_238,AL,242,65.05376344086021
PAH,AL_239,AL,242,65.05376344086021
PAH,AL_240,AL,242,65.05376344086021
PAH,AL_241,AL,242,65.05376344086021
PAH,AL_242,AL,242,65.05376344086021
PAH,AL_243,AL,242,65.05376344086021
PAH,AL_244,AL,242,65.05376344086021
PAH,AL_245,AL,242,65.05376344086021
PAH,AL_246,AL,242,65.05376344086021
PAH,AL_247,AL,242,65.05376344086021
PAH,AL_248,AL,242,65.05376344086021
PAH,AL_249,AL,242,65.05376344086021
PAH,AL_250,AL,249,66.93548387096774
PAH,AL_251,AL,249,66.93548387096774
PAH,AL_252,AL,249,66.93548387096774
PAH,AL_253,AL,249,66.93548387096774
PAH,AL_254,AL,242,65.05376344086021
PAH,AL_255,AL,242,65.05376344086021
PAH,AL_256,AL,242,65.05376344086021
PAH,AL_257,AL,242,65.05376344086021
PAH,AL_258,AL,242,65.05376344086021
PAH,AL_259,AL,242,65.05376344086021
PAH,AL_260,AL,242,65.05376344086021
PAH,AL_261,AL,242,65.05376344086021
PAH,AL_262,AL,242,65.05376344086021
PAH,AL_263,AL,242,65.05376344086021
PAH,AL_264,AL,242,65.05376344086021
PAH,AL_265,AL,242,65.05376344086021
PAH,AL_266,AL,242,65.05376344086021
PAH,AL_267,AL,242,65.05376344086021
PAH,AL_268,AL,242,65.05376344086021
PAH,AL_269,AL,242,65.05376344086021
PAH,AL_270,AL,242,65.05376344086021
PAH,AL_271,AL,242,65.05376344086021
PAH,AL_272,AL,242,65.05376344086021
PAH,AL_273,AL,242,65.05376344086021
PAH,AL_274,AL,242,65.05376344086021
PAH,AL_275,AL,242,65.05376344086021
PAH,AL_276,AL,242,65.05376344086021
PAH,AL_277,AL,242,65.05376344086021
PAH,AL_278,AL,242,65.05376344086021
PAH,AL_279,AL,242,65.05376344086021
PAH,AL_280,AL,242,65.05376344086021
PAH,AL_281,AL,242,65.05376344086021
PAH,AL_282,AL,242,65.05376344086021
PAH,AL_283,AL,242,65.05376344086021
PAH,AL_284,AL,242,65.05376344086021
PAH,AL_285,AL,242,65.05376344086021
PAH,AL_286,AL,250,67.20430107526882
PAH,AL_287,AL,250,67.20430107526882
PAH,AL_288,AL,250,67.20430107526882
PAH,AL_289,AL,250,67.20430107526882
PAH,AL_290,AL,242,65.05376344086021
PAH,AL_291,AL,242,65.05376344086021
PAH,AL_292,AL,242,65.05376344086021
PAH,AL_293,AL,242,65.05376344086021
PAH,AL_294,AL,242,65.05376344086021
PAH,AL_295,AL,126,33.87096774193548
PAH,AL_296,AL,126,33.87096774193548
PAH,AL_297,AL,126,33.87096774193548
PAH,AL_298,AL,126,33.87096774193548
PAH,AL_299,AL,126,33.87096774193548
PAH,AL_300,AL,126,33.87096774193548
PAH,AL_301,AL,126,33.87096774193548
PAH,AL_302,AL,126,33.87096774193548
PAH,AL_303,AL,126,33.87096774193548
PAH,AL_304,AL,126,33.87096774193548
PAH,AL_305,AL,126,33.87096774193548
PAH,AL_306,AL,126,33.87096774193548
PAH,AL_307,AL,126,33.87096774193548
PAH,AL_308,AL,126,33.87096774193548
PAH,AL_309,AL,126,33.87096774193548
PAH,AL_310,AL,126,33.87096774193548
PAH,AL_311,AL,126,33.87096774193548
PAH,AL_312,AL,126,33.87096774193548
PAH,AL_313,AL,126,33.87096774193548
PAH,AL_314,AL,126,33.87096774193548
PAH,AL_315,AL,126,33.87096774193548
PAH,AL_316,AL,126,33.87096774193548
PAH,AL_317,AL,126,33.87096774193548
PAH,AL_318,AL,126,33.87096774193548
PAH,AL_319,AL,126,33.87096774193548
PAH,AL_320,AL,126,33.87096774193548
PAH,AL_321,AL,126,33.87096774193548
PAH,AL_322,AL,126,33.87096774193548
PAH,AL_323,AL,126,33.87096774193548
PAH,AL_324,AL,126,33.87096774193548
PAH,AL_325,AL,126,33.87096774193548
PAH,AL_326,AL,126,33.87096774193548
PAH,AL_327,AL,126,33.87096774193548
PAH,AL_328,AL,126,33.87096774193548
PAH,AL_329,AL,126,33.87096774193548
PAH,AL_330,AL,126,33.87096774193548
PAH,AL_331,AL,126,33.87096774193548
PAH,AL_332,AL,126,33.87096774193548
PAH,AL_333,AL,126,33.87096774193548
PAH,AL_334,AL,126,33.87096774193548
PAH,EK_4,EK,11,2.956989247311828
PAH,EK_5,EK,11,2.956989247311828
PAH,EK_6,EK,11,2.956989247311828
PAH,EK_7,EK,11,2.956989247311828
PAH,EK_8,EK,11,2.956989247311828
PAH,EK_9,EK,11,2.956989247311828
PAH,AA_1,AA,9,2.4193548387096775
PAH,AA_2,AA,9,2.4193548387096775
CFTR,AL_1,AL,96,86.48648648648648
CFTR,AL_2,AL,96,86.48648648648648
CFTR,AL_3,AL,96,86.48648648648648
CFTR,AL_4,AL,96,86.48648648648648
CFTR,AL_5,AL,96,86.48648648648648
CFTR,AL_6,AL,96,86.48648648648648
CFTR,AL_7,AL,17,15.315315315315315
CFTR,AL_8,AL,17,15.315315315315315
CFTR,AL_9,AL,17,15.315315315315315
CFTR,AL_10,AL,17,15.315315315315315
CFTR,AL_11,AL,17,15.315315315315315
CFTR,AL_12,AL,17,15.315315315315315
CFTR,AL_13,AL,17,15.315315315315315
CFTR,AL_14,AL,17,15.315315315315315
CFTR,AL_15,AL,17,15.315315315315315
CFTR,AL_16,AL,56,50.450450450450454
CFTR,AL_17,AL,56,50.450450450450454
CFTR,AL_18,AL,56,50.450450450450454
CFTR,AL_19,AL,56,50.450450450450454
CFTR,AL_20,AL,56,50.450450450450454
CFTR,AL_21,AL,56,50.450450450450454
CFTR,AL_22,AL,56,50.450450450450454
CFTR,AL_23,AL,56,50.450450450450454
CFTR,AL_24,AL,56,50.450450450450454
CFTR,AL_25,AL,56,50.450450450450454
CFTR,AL_26,AL,16,14.414414414414415
CFTR,CAT_1,CAT,16,14.414414414414415
CFTR,AL_27,AL,96,86.48648648648648
CFTR,AL_28,AL,96,86.48648648648648
CFTR,AL_29,AL,96,86.48648648648648
CFTR,AL_30,AL,96,86.48648648648648
CFTR,AL_31,AL,96,86.48648648648648
CFTR,AL_32,AL,96,86.48648648648648
CFTR,AL_33,AL,96,86.48648648648648
CFTR,AL_34,AL,96,86.48648648648648
CFTR,AL_35,AL,96,86.48648648648648
CFTR,AL_36,AL,96,86.48648648648648
CFTR,AL_37,AL,96,86.48648648648648
CFTR,AL_38,AL,96,86.48648648648648
CFTR,AL_39,AL,33,29.72972972972973
CFTR,AL_40,AL,33,29.72972972972973
CFTR,AL_41,AL,33,29.72972972972973
CFTR,AL_42,AL,33,29.72972972972973
CFTR,AL_43,AL,33,29.72972972972973
CFTR,AL_44,AL,33,29.72972972972973
CFTR,AL_45,AL,33,29.72972972972973
CFTR,AL_46,AL,33,29.72972972972973
CFTR,AL_47,AL,33,29.72972972972973
CFTR,AL_48,AL,33,29.72972972972973
CFTR,AL_49,AL,33,29.72972972972973
CFTR,AL_50,AL,33,29.72972972972973
CFTR,AL_51,AL,33,29.72972972972973
CFTR,AL_52,AL,33,29.72972972972973
CFTR,AL_53,AL,33,29.72972972972973
CFTR,AL_54,AL,33,29.72972972972973
CFTR,AL_55,AL,33,29.72972972972973
CFTR,AL_56,AL,33,29.72972972972973
CFTR,AL_57,AL,33,29.72972972972973
CFTR,AL_58,AL,33,29.72972972972973
CFTR,AL_59,AL,33,29.72972972972973
CFTR,AL_60,AL,33,29.72972972972973
CFTR,AL_61,AL,33,29.72972972972973
CFTR,AL_62,AL,33,29.72972972972973
CFTR,AL_63,AL,33,29.72972972972973
CFTR,AL_64,AL,33,29.72972972972973
CFTR,AL_65,AL,33,29.72972972972973
CFTR,AL_66,AL,33,29.72972972972973
CFTR,AL_67,AL,33,29.72972972972973
CFTR,AL_68,AL,33,29.72972972972973
CFTR,AL_69,AL,33,29.72972972972973
CFTR,AL_70,AL,33,29.72972972972973
CFTR,AL_71,AL,33,29.72972972972973
CFTR,AL_72,AL,33,29.72972972972973
CFTR,AL_73,AL,33,29.72972972972973
CFTR,AL_74,AL,33,29.72972972972973
CFTR,AL_75,AL,37,33.333333333333336
CFTR,AL_76,AL,37,33.333333333333336
CFTR,AL_77,AL,37,33.333333333333336
CFTR,AL_78,AL,37,33.333333333333336
CFTR,AL_79,AL,37,33.333333333333336
CFTR,AL_80,AL,37,33.333333333333336
CFTR,AL_81,AL,37,33.333333333333336
CFTR,AL_82,AL,37,33.333333333333336
CFTR,AL_83,AL,37,33.333333333333336
CFTR,AL_84,AL,37,33.333333333333336
CFTR,AL_85,AL,37,33.333333333333336
CFTR,AL_86,AL,37,33.333333333333336
CFTR,AL_87,AL,37,33.333333333333336
CFTR,AL_88,AL,37,33.333333333333336
CFTR,AL_89,AL,37,33.333333333333336
CFTR,AL_90,AL,37,33.333333333333336
CFTR,AL_91,AL,37,33.333333333333336
CFTR,AL_92,AL,37,33.333333333333336
CFTR,AL_93,AL,37,33.333333333333336
CFTR,AL_94,AL,37,33.333333333333336
CFTR,AL_95,AL,37,33.333333333333336
CFTR,CAT_2,CAT,37,33.333333333333336
CFTR,AL_96,AL,37,33.333333333333336
CFTR,AL_97,AL,37,33.333333333333336
CFTR,AL_98,AL,37,33.333333333333336
CFTR,CAT_3,CAT,0,0.0
CFTR,CAT_4,CAT,0,0.0
CFTR,EK_1,EK,0,0.0
CFTR,EK_2,EK,0,0.0
CFTR,EK_3,EK,49,44.14414414414414
CFTR,AL_99,AL,22,19.81981981981982
CFTR,AL_100,AL,22,19.81981981981982
CFTR,AL_101,AL,22,19.81981981981982
CFTR,AL_102,AL,22,19.81981981981982
CFTR,AL_103,AL,22,19.81981981981982
CFTR,AL_104,AL,22,19.81981981981982
CFTR,AL_105,AL,22,19.81981981981982
CFTR,AL_106,AL,22,19.81981981981982
CFTR,AL_107,AL,22,19.81981981981982
CFTR,AL_108,AL,22,19.81981981981982
CFTR,AL_109,AL,22,19.81981981981982
CFTR,AL_110,AL,22,19.81981981981982
CFTR,AL_111,AL,22,19.81981981981982
CFTR,AL_112,AL,22,19.81981981981982
CFTR,AL_113,AL,22,19.81981981981982
CFTR,AL_114,AL,22,19.81981981981982
CFTR,AL_115,AL,22,19.81981981981982
CFTR,AL_116,AL,22,19.81981981981982
CFTR,AL_117,AL,22,19.81981981981982
CFTR,AL_118,AL,22,19.81981981981982
CFTR,AL_119,AL,22,19.81981981981982
CFTR,AL_120,AL,22,19.81981981981982
CFTR,AL_121,AL,22,19.81981981981982
CFTR,AL_122,AL,22,19.81981981981982
CFTR,AL_123,AL,22,19.81981981981982
CFTR,AL_124,AL,22,19.81981981981982
CFTR,AL_125,AL,22,19.81981981981982
CFTR,AL_126,AL,22,19.81981981981982
CFTR,AL_127,AL,22,19.81981981981982
CFTR,AL_128,AL,22,19.81981981981982
CFTR,AL_129,AL,22,19.81981981981982
CFTR,AL_130,AL,22,19.81981981981982
CFTR,AL_131,AL,22,19.81981981981982
CFTR,AL_132,AL,22,19.81981981981982
CFTR,AL_133,AL,22,19.81981981981982
CFTR,AL_134,AL,22,19.81981981981982
CFTR,AL_135,AL,22,19.81981981981982
CFTR,AL_136,AL,22,19.81981981981982
CFTR,AL_137,AL,22,19.81981981981982
CFTR,AL_138,AL,22,19.81981981981982
CFTR,AL_139,AL,22,19.81981981981982
CFTR,AL_140,AL,22,19.81981981981982
CFTR,AL_141,AL,22,19.81981981981982
CFTR,AL_142,AL,22,19.81981981981982
CFTR,AL_143,AL,22,19.81981981981982
CFTR,AL_144,AL,22,19.81981981981982
CFTR,AL_145,AL,22,19.81981981981982
CFTR,AL_146,AL,22,19.81981981981982
CFTR,AL_147,AL,22,19.81981981981982
CFTR,AL_148,AL,22,19.81981981981982
CFTR,AL_149,AL,22,19.81981981981982
CFTR,AL_150,AL,22,19.81981981981982
CFTR,AL_151,AL,22,19.81981981981982
CFTR,AL_152,AL,22,19.81981981981982
CFTR,AL_153,AL,22,19.81981981981982
CFTR,AL_154,AL,22,19.81981981981982
CFTR,AL_155,AL,22,19.81981981981982
CFTR,AL_156,AL,22,19.81981981981982
CFTR,AL_157,AL,22,19.81981981981982
CFTR,AL_158,AL,22,19.81981981981982
CFTR,AL_159,AL,22,19.81981981981982
CFTR,AL_160,AL,22,19.81981981981982
CFTR,AL_161,AL,22,19.81981981981982
CFTR,AL_162,AL,22,19.81981981981982
CFTR,AL_163,AL,22,19.81981981981982
CFTR,AL_164,AL,22,19.81981981981982
CFTR,AL_165,AL,22,19.81981981981982
CFTR,AL_166,AL,22,19.81981981981982
CFTR,AL_167,AL,22,19.81981981981982
CFTR,AL_168,AL,22,19.81981981981982
CFTR,AL_169,AL,22,19.81981981981982
CFTR,AL_170,AL,22,19.81981981981982
CFTR,AL_171,AL,22,19.81981981981982
CFTR,AL_172,AL,22,19.81981981981982
CFTR,AL_173,AL,22,19.81981981981982
CFTR,AL_174,AL,22,19.81981981981982
CFTR,AL_175,AL,22,19.81981981981982
CFTR,AL_176,AL,22,19.81981981981982
CFTR,AL_177,AL,22,19.81981981981982
CFTR,AL_178,AL,22,19.81981981981982
CFTR,AL_179,AL,22,19.81981981981982
CFTR,AL_180,AL,22,19.81981981981982
CFTR,AL_181,AL,22,19.81981981981982
CFTR,AL_182,AL,22,19.81981981981982
CFTR,AL_183,AL,55,49.549549549549546
CFTR,AL_184,AL,55,49.549549549549546
CFTR,AL_185,AL,55,49.549549549549546
CFTR,CAT_5,CAT,0,0.0
CFTR,AL_186,AL,7,6.306306306306307
CFTR,AL_187,AL,41,36.93693693693694
CFTR,AL_188,AL,41,36.93693693693694
CFTR,AL_189,AL,41,36.93693693693694
CFTR,AL_190,AL,41,36.93693693693694
CFTR,AL_191,AL,41,36.93693693693694
CFTR,AL_192,AL,41,36.93693693693694
CFTR,AL_193,AL,41,36.93693693693694
CFTR,AL_194,AL,41,36.93693693693694
CFTR,AL_195,AL,41,36.93693693693694
CFTR,AL_196,AL,41,36.93693693693694
CFTR,AL_197,AL,41,36.93693693693694
CFTR,AL_198,AL,41,36.93693693693694
CFTR,AL_199,AL,41,36.93693693693694
CFTR,AL_200,AL,41,36.93693693693694
CFTR,AL_201,AL,41,36.93693693693694
CFTR,AL_202,AL,41,36.93693693693694
CFTR,AL_203,AL,41,36.93693693693694
CFTR,AL_204,AL,41,36.93693693693694
CFTR,AL_205,AL,41,36.93693693693694
CFTR,AL_206,AL,41,36.93693693693694
CFTR,AL_207,AL,41,36.93693693693694
CFTR,AL_208,AL,41,36.93693693693694
CFTR,AL_209,AL,41,36.93693693693694
CFTR,AL_210,AL,41,36.93693693693694
CFTR,AL_211,AL,41,36.93693693693694
CFTR,AL_212,AL,41,36.93693693693694
CFTR,AL_213,AL,41,36.93693693693694
CFTR,AL_214,AL,56,50.450450450450454
CFTR,AL_215,AL,56,50.450450450450454
CFTR,AL_216,AL,56,50.450450450450454
CFTR,AL_217,AL,56,50.450450450450454
CFTR,AL_218,AL,41,36.93693693693694
CFTR,AL_219,AL,41,36.93693693693694
CFTR,AL_220,AL,41,36.93693693693694
CFTR,AL_221,AL,41,36.93693693693694
CFTR,AL_222,AL,41,36.93693693693694
CFTR,CAT_6,CAT,109,98.1981981981982
CFTR,AL_223,AL,41,36.93693693693694
CFTR,AL_224,AL,41,36.93693693693694
CFTR,AL_225,AL,41,36.93693693693694
CFTR,AL_226,AL,41,36.93693693693694
CFTR,AL_227,AL,41,36.93693693693694
CFTR,AL_228,AL,41,36.93693693693694
CFTR,AL_229,AL,41,36.93693693693694
CFTR,AL_230,AL,41,36.93693693693694
CFTR,AL_231,AL,41,36.93693693693694
CFTR,AL_232,AL,41,36.93693693693694
CFTR,AL_233,AL,41,36.93693693693694
CFTR,AL_234,AL,41,36.93693693693694
CFTR,AL_235,AL,41,36.93693693693694
CFTR,AL_236,AL,41,36.93693693693694
CFTR,AL_237,AL,41,36.93693693693694
CFTR,AL_238,AL,41,36.93693693693694
CFTR,AL_239,AL,41,36.93693693693694
CFTR,AL_240,AL,41,36.93693693693694
CFTR,AL_241,AL,41,36.93693693693694
CFTR,AL_242,AL,41,36.93693693693694
CFTR,AL_243,AL,41,36.93693693693694
CFTR,AL_244,AL,41,36.93693693693694
CFTR,AL_245,AL,41,36.93693693693694
CFTR,AL_246,AL,41,36.93693693693694
CFTR,AL_247,AL,41,36.93693693693694
CFTR,AL_248,AL,41,36.93693693693694
CFTR,AL_249,AL,41,36.93693693693694
CFTR,AL_250,AL,43,38.73873873873874
CFTR,AL_251,AL,43,38.73873873873874
CFTR,AL_252,AL,43,38.73873873873874
CFTR,AL_253,AL,43,38.73873873873874
CFTR,AL_254,AL,41,36.93693693693694
CFTR,AL_255,AL,41,36.93693693693694
CFTR,AL_256,AL,41,36.93693693693694
CFTR,AL_257,AL,41,36.93693693693694
CFTR,AL_258,AL,41,36.93693693693694
CFTR,AL_259,AL,41,36.93693693693694
CFTR,AL_260,AL,41,36.93693693693694
CFTR,AL_261,AL,41,36.93693693693694
CFTR,AL_262,AL,41,36.93693693693694
CFTR,AL_263,AL,41,36.93693693693694
CFTR,AL_264,AL,41,36.93693693693694
CFTR,AL_265,AL,41,36.93693693693694
CFTR,AL_266,AL,41,36.93693693693694
CFTR,AL_267,AL,41,36.93693693693694
CFTR,AL_268,AL,41,36.93693693693694
CFTR,AL_269,AL,41,36.93693693693694
CFTR,AL_270,AL,41,36.93693693693694
CFTR,AL_271,AL,41,36.93693693693694
CFTR,AL_272,AL,41,36.93693693693694
CFTR,AL_273,AL,41,36.93693693693694
CFTR,AL_274,AL,41,36.93693693693694
CFTR,AL_275,AL,41,36.93693693693694
CFTR,AL_276,AL,41,36.93693693693694
CFTR,AL_277,AL,41,36.93693693693694
CFTR,AL_278,AL,41,36.93693693693694
CFTR,AL_279,AL,41,36.93693693693694
CFTR,AL_280,AL,41,36.93693693693694
CFTR,AL_281,AL,41,36.93693693693694
CFTR,AL_282,AL,41,36.93693693693694
CFTR,AL_283,AL,41,36.93693693693694
CFTR,AL_284,AL,41,36.93693693693694
CFTR,AL_285,AL,41,36.93693693693694
CFTR,AL_286,AL,42,37.83783783783784
CFTR,AL_287,AL,42,37.83783783783784
CFTR,AL_288,AL,42,37.83783783783784
CFTR,AL_289,AL,42,37.83783783783784
CFTR,AL_290,AL,41,36.93693693693694
CFTR,AL_291,AL,41,36.93693693693694
CFTR,AL_292,AL,41,36.93693693693694
CFTR,AL_293,AL,41,36.93693693693694
CFTR,AL_294,AL,41,36.93693693693694
CFTR,AL_295,AL,15,13.513513513513514
CFTR,AL_296,AL,15,13.513513513513514
CFTR,AL_297,AL,15,13.513513513513514
CFTR,AL_298,AL,15,13.513513513513514
CFTR,AL_299,AL,15,13.513513513513514
CFTR,AL_300,AL,15,13.513513513513514
CFTR,AL_301,AL,15,13.513513513513514
CFTR,AL_302,AL,15,13.513513513513514
CFTR,AL_303,AL,15,13.513513513513514
CFTR,AL_304,AL,15,13.513513513513514
CFTR,AL_305,AL,15,13.513513513513514
CFTR,AL_306,AL,15,13.513513513513514
CFTR,AL_307,AL,15,13.513513513513514
CFTR,AL_308,AL,15,13.513513513513514
CFTR,AL_309,AL,15,13.513513513513514
CFTR,AL_310,AL,15,13.513513513513514
CFTR,AL_311,AL,15,13.513513513513514
CFTR,AL_312,AL,15,13.513513513513514
CFTR,AL_313,AL,15,13.513513513513514
CFTR,AL_314,AL,15,13.513513513513514
CFTR,AL_315,AL,15,13.513513513513514
CFTR,AL_316,AL,15,13.513513513513514
CFTR,AL_317,AL,15,13.513513513513514
CFTR,AL_318,AL,15,13.513513513513514
CFTR,AL_319,AL,15,13.513513513513514
CFTR,AL_320,AL,15,13.513513513513514
CFTR,AL_321,AL,15,13.513513513513514
CFTR,AL_322,AL,15,13.513513513513514
CFTR,AL_323,AL,15,13.513513513513514
CFTR,AL_324,AL,15,13.513513513513514
CFTR,AL_325,AL,15,13.513513513513514
CFTR,AL_326,AL,15,13.513513513513514
CFTR,AL_327,AL,15,13.513513513513514
CFTR,AL_328,AL,15,13.513513513513514
CFTR,AL_329,AL,15,13.513513513513514
CFTR,AL_330,AL,15,13.513513513513514
CFTR,AL_331,AL,15,13.513513513513514
CFTR,AL_332,AL,15,13.513513513513514
CFTR,AL_333,AL,15,13.513513513513514
CFTR,AL_334,AL,15,13.513513513513514
CFTR,EK_4,EK,0,0.0
CFTR,EK_5,EK,0,0.0
CFTR,EK_6,EK,0,0.0
CFTR,EK_7,EK,0,0.0
CFTR,EK_8,EK,0,0.0
CFTR,EK_9,EK,0,0.0
CFTR,AA_1,AA,0,0.0
CFTR,AA_2,AA,0,0.0
