,korelasyon
AL_29,-0.517730339773319
AL_30,-0.42165086451119493
AL_2,-0.37244839353234344
AL_6,0.30959014619295905
EK_7,0.2842342527576919
AL_37,0.2638018231609584
AL_246,0.25659741650525414
AL_286,0.2534661331851469
AL_5,0.24923028117715998
EK_8,0.2437809023376507
AL_1,-0.24167780223095797
AL_38,0.21455127207959374
AL_28,-0.21304777945609105
AL_27,-0.20775257253825774
EK_2,0.20678785197092103
AL_36,0.20007844648359283
EK_9,0.1983539552077085
AL_40,-0.1975152222356636
AL_72,-0.1968794549915905
AL_35,0.19459978527610663
AL_79,-0.19277802512612352
AL_87,0.18476176721342435
AL_8,-0.1844017094242193
EK_4,0.18245703469480926
EK_3,0.18087540417994372
AL_91,-0.1806994350706097
AL_171,-0.17812755012407672
AL_89,0.1769156709996189
AL_41,0.17366269075057564
EK_6,0.17252797028809944
AL_48,0.17214286227350975
EK_5,0.15871838191427162
AL_3,-0.1580044320747048
AL_59,0.15148642818412292
AL_289,-0.15084986822452603
AL_277,0.14983839566325122
AL_177,0.14513350047799375
AL_120,0.1413176952329534
AL_147,0.14053281328376244
AL_45,-0.13686980145417915
AL_326,0.1331716473449521
AL_210,0.13147204163173698
AL_241,0.13127466360455584
AL_49,0.12837827022425705
AL_266,-0.12728444438660838
AL_53,0.1262127356691364
AL_50,0.11952286093343947
AL_32,-0.1180774799931503
EK_1,0.11669028578555235
AL_24,-0.1126454574109535
AL_190,-0.1122599787877426
AL_81,-0.11153031240735739
AL_85,0.10939047792843783
AL_165,-0.1083183772599148
AL_300,-0.10740276254618719
AL_126,0.10704834045504479
AL_150,0.10698804424879713
AL_313,-0.10665737350167694
AL_154,-0.1063063170890767
AL_328,-0.10530890960935736
AL_26,-0.10491957515535114
AL_250,0.10326834120939136
AL_93,0.10259724250142824
AL_271,-0.1005827588252826
AL_206,0.09878220913029459
AL_65,0.09759000729485338
AL_278,0.09686569930573916
AL_251,-0.09613328058311997
AL_254,0.09605925944485678
AL_63,0.09588028393040572
AL_295,0.09562972047557797
AL_207,0.09412939739600924
AL_184,-0.09367959598069338
AL_92,0.09300395118713722
AL_235,-0.09109119070930782
AL_329,-0.08744164038226689
AL_76,-0.08743076393330687
AL_132,0.0872733655519802
AL_31,-0.08647136058579877
AL_199,-0.08529496642124994
AL_94,-0.08459760790336589
AL_282,0.0845008689581073
AL_118,-0.0836945691784709
AL_153,0.082847802619102
AL_334,-0.08202369734212664
AL_44,0.08152673954592034
AL_82,-0.07969606229269204
AL_138,-0.07945899362023527
AL_58,-0.07931173601637778
AL_333,0.07770981808464063
AL_111,0.07719166444900188
AL_95,-0.07616961444546891
AL_135,0.07547081519253199
AL_302,-0.07484033511545708
AL_322,0.07427723537999258
AL_97,0.07355153325048662
AL_9,-0.07144327042708667
AL_297,-0.06857267972876797
AL_54,0.06847118223421615
AL_78,0.06628763345640935
AL_193,-0.0647233144954531
AL_25,0.06411138668707829
AL_20,-0.06344290207028512
AL_117,0.06329928313556
AL_298,0.0629480911088432
AL_331,0.06293900542759083
AL_189,0.06241332049350785
AL_291,0.06229173563032942
AL_43,-0.06178204487084044
AL_314,-0.06176410610881633
AL_259,0.06105193091180154
AL_84,-0.060930459395446376
AL_18,0.06089725422424201
AL_325,-0.06006631219304512
AL_319,0.0590026131624149
AL_323,0.058662121975390905
AL_230,-0.05749924891443093
AL_162,0.05734275783140752
AL_156,0.05679910031943429
AL_166,0.056124861239324
AL_142,0.05570880755018205
AL_46,-0.05551207949985547
AL_129,0.05542514606189386
AL_83,-0.0543075386641705
AL_67,0.05319007584069895
AL_56,0.05238095238095248
AL_71,-0.05227968923451191
AL_102,0.05194811547052313
AL_218,0.051703101002233694
AL_62,-0.05096471914376263
AL_279,0.04998131913709664
AL_4,0.04983833471792366
AL_215,-0.048846361904344555
AL_109,-0.04833394830107866
AL_96,0.047978308781414326
AL_163,0.047866992492200076
AL_175,0.0477158421335927
AL_318,0.04746675469779176
AL_243,0.047420908376853005
AL_229,-0.047393737812412164
AL_305,0.046808809270161726
AL_130,0.046272908674284366
AL_124,-0.04544286757345753
AL_238,0.04543402412565755
AL_47,-0.04494665749754956
AL_160,0.04493342201761781
AL_255,0.0445230992027854
AL_203,0.04438916172052042
AL_287,-0.04400708968653431
AL_77,-0.042658667011064175
AL_275,-0.04218806225109989
AL_194,-0.04169629390613377
AL_15,0.04158236552865078
AL_330,-0.04126440178821501
AL_60,0.04124574576344329
AL_69,-0.04089544405754794
AL_106,-0.04051407523722094
AL_139,-0.03948625753626397
AL_296,0.039418820573241066
AL_265,-0.038714742174082946
AL_258,0.03674820455952088
AL_123,0.03597594475889198
AL_214,0.03576096368345793
AL_121,0.03548664019977997
AL_148,0.03515634985082278
AL_68,0.03455959092126954
AL_270,-0.033968359860618184
AL_239,0.033289434874016345
AL_283,0.03304384864149213
AL_86,0.032892484608060636
AL_174,-0.03287828082839998
AL_274,0.03268801919868342
AL_159,0.0325777603709504
AL_133,0.032183604274448385
AL_144,0.03162708010148053
AL_16,-0.030772739290427353
AL_219,0.03058199549884375
AL_301,-0.030372729650681333
AL_112,0.030340888812033943
AL_211,0.03016737629465062
AL_108,0.029627976003317322
AL_141,-0.02916152477131646
AL_187,-0.028972257556572387
AL_23,0.028828866045235747
AL_253,-0.02819875772500093
AL_180,0.027827985365231605
AL_290,0.02765623131053523
AL_181,-0.027512665225149155
AL_33,-0.027043762685701137
AL_315,0.026479151833677137
AL_22,-0.025226673149489447
AL_57,-0.02505023485498237
AL_17,-0.024884974220408196
AL_183,-0.024728021632347916
AL_11,0.024620676728965032
AL_10,-0.02437286557510562
AL_188,0.023707027518149307
AL_34,0.023485549392612427
AL_294,0.02339454463445211
AL_61,0.022890379287977696
AL_136,0.021680551937688447
AL_21,-0.0214435401260444
AL_223,0.020681417261076508
AL_327,-0.020031731334767905
AL_247,0.018290039315902062
AL_55,-0.01816210242880686
AL_145,0.01813447660728202
AL_202,0.01790501457168643
AL_262,-0.017659361598327393
AL_7,0.017236489994571
AL_74,0.016988239714587565
AL_12,-0.01634058993932661
AL_52,-0.014484681241856017
AL_90,-0.014023690035129193
AL_225,-0.01382534574907374
AL_39,-0.013581151430339512
AL_168,0.012504196507087607
AL_13,0.011842782481145913
AL_103,0.010705567970481545
AL_115,-0.010586780608832874
AL_114,0.010381140821092967
AL_73,-0.009621096638498349
AL_51,0.009611661866301384
AL_186,-0.009564354422299401
AL_14,-0.009356392518556685
AL_224,-0.008958962608331462
AL_169,-0.008841067850155584
AL_172,-0.00864878104021329
AL_64,-0.00826801750442975
AL_157,0.007561982014034067
AL_311,-0.006988162546481326
AL_306,-0.006723980547750712
AL_98,-0.006716857460779596
AL_42,0.005820174842523623
AL_260,0.005806364894755455
AL_105,-0.005077993822298857
AL_261,0.004762603735662778
AL_75,-0.004563371665464599
AL_198,0.003985777471930714
AL_317,-0.0037986339543023807
AL_242,0.003370969595631588
AL_70,0.0032037112377739643
AL_226,-0.00300279091545511
AL_127,0.0029212617904740977
AL_99,0.0024013942542818406
AL_66,0.0021066284598486446
AL_88,0.0020563955186458636
AL_178,-0.0020134728921292018
AL_310,-0.0014890821445552069
AL_234,0.0008129483711193508
AL_151,-0.000748815172265781
AL_100,-0.0005798672344817315
AL_19,8.986605479249978e-05
