model,method,panel,scenario,n_rows,n_selected_features,train_rows,test_rows,accuracy,f1,f1_macro,precision,recall,mcc,pr_auc,roc_auc
CatBoost,FILTER_ANOVA,CFTR,CatBoost_Kategorik_String_Eksik_Veri_Korundu_Yuksek_Eksik_Sutun_Silinmis,111,30,88,23,0.8260869565217391,0.9,0.6166666666666667,0.8571428571428571,0.9473684210526316,0.2654971220267957,0.8986569095091175,0.6842105263157895
CatBoost,FILTER_ANOVA,KANSER,CatBoost_Kategorik_String_Eksik_Veri_Korundu,388,30,310,78,0.8846153846153846,0.918918918918919,0.8594594594594596,0.8947368421052632,0.9444444444444444,0.7225916412701,0.9190886116408568,0.8668981481481481
CatBoost,FILTER_ANOVA,MASTER,CatBoost_Kategorik_String_Eksik_Veri_Korundu,2931,30,2344,587,0.7512776831345827,0.8193069306930693,0.7101999134339663,0.8756613756613757,0.7697674418604651,0.4348468937025225,0.8862196703867904,0.791253147681825
CatBoost,FILTER_ANOVA,PAH,CatBoost_Kategorik_String_Eksik_Veri_Korundu,372,30,297,75,0.8533333333333334,0.9172932330827068,0.6351172047766475,0.8591549295774648,0.9838709677419356,0.361592498551287,0.9469517063081444,0.815136476426799
CatBoost,FILTER_MUTUAL_INFO,CFTR,CatBoost_Kategorik_String_Eksik_Veri_Korundu_Yuksek_Eksik_Sutun_Silinmis,111,30,88,23,0.8695652173913043,0.9230769230769232,0.7472527472527473,0.9,0.9473684210526316,0.5034965460952284,0.9379008527004288,0.75
CatBoost,FILTER_MUTUAL_INFO,KANSER,CatBoost_Kategorik_String_Eksik_Veri_Korundu,388,30,310,78,0.8846153846153846,0.9203539823008848,0.8555258283597448,0.8813559322033898,0.9629629629629628,0.7217951267331445,0.9371289103823288,0.8850308641975309
CatBoost,FILTER_MUTUAL_INFO,MASTER,CatBoost_Kategorik_String_Eksik_Veri_Korundu,2931,30,2344,587,0.7904599659284497,0.850546780072904,0.7500597148227768,0.8905852417302799,0.813953488372093,0.5082009472066447,0.9107356953283544,0.835853947563324
CatBoost,FILTER_MUTUAL_INFO,PAH,CatBoost_Kategorik_String_Eksik_Veri_Korundu,372,30,297,75,0.8666666666666667,0.9253731343283582,0.6501865671641791,0.8611111111111112,1.0,0.4457779141208643,0.9172281540107484,0.7196029776674938
CatBoost,WRAPPER_RFE,CFTR,CatBoost_Kategorik_String_Eksik_Veri_Korundu_Yuksek_Eksik_Sutun_Silinmis,111,30,88,23,0.782608695652174,0.8648648648648649,0.6546546546546547,0.8888888888888888,0.8421052631578947,0.3143730417143384,0.9307194376242768,0.7236842105263157
CatBoost,WRAPPER_RFE,KANSER,CatBoost_Kategorik_String_Eksik_Veri_Korundu,388,30,310,78,0.8846153846153846,0.9203539823008848,0.8555258283597448,0.8813559322033898,0.9629629629629628,0.7217951267331445,0.8971132356632682,0.8634259259259258
CatBoost,WRAPPER_RFE,MASTER,CatBoost_Kategorik_String_Eksik_Veri_Korundu,2931,30,2344,587,0.817717206132879,0.8724672228843862,0.7765321189048797,0.8948655256723717,0.8511627906976744,0.5559003976812982,0.9264114677360696,0.8599022367056733
CatBoost,WRAPPER_RFE,PAH,CatBoost_Kategorik_String_Eksik_Veri_Korundu,372,30,297,75,0.8666666666666667,0.9253731343283582,0.6501865671641791,0.8611111111111112,1.0,0.4457779141208643,0.9379546971771936,0.7555831265508685
CatBoost,EMBEDDED,CFTR,CatBoost_Kategorik_String_Eksik_Veri_Korundu_Yuksek_Eksik_Sutun_Silinmis,111,30,88,23,0.8260869565217391,0.8947368421052632,0.6973684210526316,0.8947368421052632,0.8947368421052632,0.3947368421052631,0.9471316502826196,0.7894736842105263
CatBoost,EMBEDDED,KANSER,CatBoost_Kategorik_String_Eksik_Veri_Korundu,388,30,310,78,0.8974358974358975,0.9298245614035088,0.8696741854636592,0.8833333333333333,0.9814814814814816,0.7556542691506458,0.936010133187134,0.902006172839506
CatBoost,EMBEDDED,MASTER,CatBoost_Kategorik_String_Eksik_Veri_Korundu,2931,30,2344,587,0.8057921635434412,0.8629807692307693,0.764823717948718,0.8930348258706468,0.8348837209302326,0.5344988352120812,0.9238268183436592,0.8561398311361278
CatBoost,EMBEDDED,PAH,CatBoost_Kategorik_String_Eksik_Veri_Korundu,372,30,297,75,0.88,0.9323308270676692,0.7014595311808933,0.8732394366197183,1.0,0.5183522522584925,0.9503443212312508,0.825062034739454
CatBoost,FILTER_ANOVA + WRAPPER_RFE,CFTR,CatBoost_Kategorik_String_Eksik_Veri_Korundu_Yuksek_Eksik_Sutun_Silinmis,111,53,88,23,0.8695652173913043,0.9230769230769232,0.7472527472527473,0.9,0.9473684210526316,0.5034965460952284,0.9512068449537894,0.7894736842105263
CatBoost,FILTER_ANOVA + WRAPPER_RFE,KANSER,CatBoost_Kategorik_String_Eksik_Veri_Korundu,388,52,310,78,0.8974358974358975,0.9298245614035088,0.8696741854636592,0.8833333333333333,0.9814814814814816,0.7556542691506458,0.8860703714990027,0.8449074074074074
CatBoost,FILTER_ANOVA + WRAPPER_RFE,MASTER,CatBoost_Kategorik_String_Eksik_Veri_Korundu,2931,54,2344,587,0.817717206132879,0.8736717827626919,0.7732273286902145,0.8872901678657075,0.8604651162790697,0.5475621601899797,0.9209691800158528,0.8518589838542439
CatBoost,FILTER_ANOVA + WRAPPER_RFE,PAH,CatBoost_Kategorik_String_Eksik_Veri_Korundu,372,49,297,75,0.8666666666666667,0.9253731343283582,0.6501865671641791,0.8611111111111112,1.0,0.4457779141208643,0.9472924719490036,0.7903225806451613
CatBoost,FILTER_ANOVA + EMBEDDED,CFTR,CatBoost_Kategorik_String_Eksik_Veri_Korundu_Yuksek_Eksik_Sutun_Silinmis,111,50,88,23,0.8695652173913043,0.9230769230769232,0.7472527472527473,0.9,0.9473684210526316,0.5034965460952284,0.950113201754883,0.7894736842105263
CatBoost,FILTER_ANOVA + EMBEDDED,KANSER,CatBoost_Kategorik_String_Eksik_Veri_Korundu,388,51,310,78,0.8846153846153846,0.9203539823008848,0.8555258283597448,0.8813559322033898,0.9629629629629628,0.7217951267331445,0.9395697548525226,0.9104938271604938
CatBoost,FILTER_ANOVA + EMBEDDED,MASTER,CatBoost_Kategorik_String_Eksik_Veri_Korundu,2931,54,2344,587,0.8143100511073254,0.8713105076741441,0.7689885871704054,0.8848920863309353,0.858139534883721,0.53907697043202,0.9269002716681324,0.8576062805510295
CatBoost,FILTER_ANOVA + EMBEDDED,PAH,CatBoost_Kategorik_String_Eksik_Veri_Korundu,372,47,297,75,0.8533333333333334,0.9172932330827068,0.6351172047766475,0.8591549295774648,0.9838709677419356,0.361592498551287,0.9481384473729856,0.8200992555831265
CatBoost,FILTER_MUTUAL_INFO + WRAPPER_RFE,CFTR,CatBoost_Kategorik_String_Eksik_Veri_Korundu_Yuksek_Eksik_Sutun_Silinmis,111,52,88,23,0.8260869565217391,0.8947368421052632,0.6973684210526316,0.8947368421052632,0.8947368421052632,0.3947368421052631,0.9143052962101356,0.6842105263157895
CatBoost,FILTER_MUTUAL_INFO + WRAPPER_RFE,KANSER,CatBoost_Kategorik_String_Eksik_Veri_Korundu,388,44,310,78,0.8846153846153846,0.9203539823008848,0.8555258283597448,0.8813559322033898,0.9629629629629628,0.7217951267331445,0.8638957787621568,0.8441358024691359
CatBoost,FILTER_MUTUAL_INFO + WRAPPER_RFE,MASTER,CatBoost_Kategorik_String_Eksik_Veri_Korundu,2931,41,2344,587,0.8109028960817717,0.8680142687277052,0.7673404676971859,0.8880778588807786,0.8488372093023255,0.5369815968902604,0.9028556462323318,0.8436231669382315
CatBoost,FILTER_MUTUAL_INFO + WRAPPER_RFE,PAH,CatBoost_Kategorik_String_Eksik_Veri_Korundu,372,50,297,75,0.8666666666666667,0.9253731343283582,0.6501865671641791,0.8611111111111112,1.0,0.4457779141208643,0.948344178921601,0.7977667493796526
CatBoost,FILTER_MUTUAL_INFO + EMBEDDED,CFTR,CatBoost_Kategorik_String_Eksik_Veri_Korundu_Yuksek_Eksik_Sutun_Silinmis,111,53,88,23,0.8260869565217391,0.8947368421052632,0.6973684210526316,0.8947368421052632,0.8947368421052632,0.3947368421052631,0.9453285127596676,0.7763157894736842
CatBoost,FILTER_MUTUAL_INFO + EMBEDDED,KANSER,CatBoost_Kategorik_String_Eksik_Veri_Korundu,388,49,310,78,0.8717948717948718,0.9107142857142856,0.8417207792207793,0.8793103448275862,0.9444444444444444,0.6899837579297765,0.9371780261528676,0.8989197530864197
CatBoost,FILTER_MUTUAL_INFO + EMBEDDED,MASTER,CatBoost_Kategorik_String_Eksik_Veri_Korundu,2931,51,2344,587,0.8160136286201022,0.8726415094339622,0.77067658293784,0.8851674641148325,0.8604651162790697,0.5422958423854682,0.9313021562614376,0.8620796918974966
CatBoost,FILTER_MUTUAL_INFO + EMBEDDED,PAH,CatBoost_Kategorik_String_Eksik_Veri_Korundu,372,51,297,75,0.88,0.9323308270676692,0.7014595311808933,0.8732394366197183,1.0,0.5183522522584925,0.940708666870363,0.7853598014888337
CatBoost,WRAPPER_RFE + EMBEDDED,CFTR,CatBoost_Kategorik_String_Eksik_Veri_Korundu_Yuksek_Eksik_Sutun_Silinmis,111,49,88,23,0.8260869565217391,0.8947368421052632,0.6973684210526316,0.8947368421052632,0.8947368421052632,0.3947368421052631,0.9341598568541696,0.7368421052631579
CatBoost,WRAPPER_RFE + EMBEDDED,KANSER,CatBoost_Kategorik_String_Eksik_Veri_Korundu,388,43,310,78,0.8974358974358975,0.9298245614035088,0.8696741854636592,0.8833333333333333,0.9814814814814816,0.7556542691506458,0.916823687883806,0.8819444444444445
CatBoost,WRAPPER_RFE + EMBEDDED,MASTER,CatBoost_Kategorik_String_Eksik_Veri_Korundu,2931,45,2344,587,0.8194207836456558,0.8747044917257684,0.7757668800092257,0.8894230769230769,0.8604651162790697,0.5528195301185903,0.9344266838741818,0.8667308546881942
CatBoost,WRAPPER_RFE + EMBEDDED,PAH,CatBoost_Kategorik_String_Eksik_Veri_Korundu,372,45,297,75,0.8666666666666667,0.9253731343283582,0.6501865671641791,0.8611111111111112,1.0,0.4457779141208643,0.9457530249509823,0.8027295285359801
CatBoost,FILTER_ANOVA + WRAPPER_RFE + EMBEDDED,CFTR,CatBoost_Kategorik_String_Eksik_Veri_Korundu_Yuksek_Eksik_Sutun_Silinmis,111,68,88,23,0.8695652173913043,0.9230769230769232,0.7472527472527473,0.9,0.9473684210526316,0.5034965460952284,0.95559280986607,0.8026315789473684
CatBoost,FILTER_ANOVA + WRAPPER_RFE + EMBEDDED,KANSER,CatBoost_Kategorik_String_Eksik_Veri_Korundu,388,63,310,78,0.8974358974358975,0.9298245614035088,0.8696741854636592,0.8833333333333333,0.9814814814814816,0.7556542691506458,0.915826633655188,0.8641975308641976
CatBoost,FILTER_ANOVA + WRAPPER_RFE + EMBEDDED,MASTER,CatBoost_Kategorik_String_Eksik_Veri_Korundu,2931,68,2344,587,0.817717206132879,0.8727705112960761,0.7757245949873774,0.8929440389294404,0.8534883720930233,0.5537815008142888,0.9272236516153112,0.8613686861205747
CatBoost,FILTER_ANOVA + WRAPPER_RFE + EMBEDDED,PAH,CatBoost_Kategorik_String_Eksik_Veri_Korundu,372,58,297,75,0.88,0.9323308270676692,0.7014595311808933,0.8732394366197183,1.0,0.5183522522584925,0.9522474031099468,0.8213399503722084
CatBoost,FILTER_MUTUAL_INFO + WRAPPER_RFE + EMBEDDED,CFTR,CatBoost_Kategorik_String_Eksik_Veri_Korundu_Yuksek_Eksik_Sutun_Silinmis,111,69,88,23,0.8260869565217391,0.8947368421052632,0.6973684210526316,0.8947368421052632,0.8947368421052632,0.3947368421052631,0.9381470976835158,0.75
CatBoost,FILTER_MUTUAL_INFO + WRAPPER_RFE + EMBEDDED,KANSER,CatBoost_Kategorik_String_Eksik_Veri_Korundu,388,55,310,78,0.8846153846153846,0.9203539823008848,0.8555258283597448,0.8813559322033898,0.9629629629629628,0.7217951267331445,0.9172019325226728,0.886574074074074
CatBoost,FILTER_MUTUAL_INFO + WRAPPER_RFE + EMBEDDED,MASTER,CatBoost_Kategorik_String_Eksik_Veri_Korundu,2931,56,2344,587,0.8126064735945485,0.8690476190476191,0.7698531508411748,0.8902439024390244,0.8488372093023255,0.5422585147865039,0.931717400638544,0.860939120130351
CatBoost,FILTER_MUTUAL_INFO + WRAPPER_RFE + EMBEDDED,PAH,CatBoost_Kategorik_String_Eksik_Veri_Korundu,372,63,297,75,0.8933333333333333,0.9393939393939394,0.7474747474747475,0.8857142857142857,1.0,0.5836602955995385,0.9438785929153212,0.7866004962779156
