,count,unique,top,freq,mean,std,min,25%,50%,75%,max
Variant_ID,2931,2931,VAR_004374,1,,,,,,,
AL_1,294.0,,,,1.2488515707787484e+16,1.2764735484598222e+16,0.0,3584155000000000.0,7639200000000000.0,1.8012725e+16,7.03002e+16
AL_2,294.0,,,,8329117628218408.0,1.0742800734156688e+16,9.48867e-19,136760000000.0,5731165000000000.0,1.0872025e+16,5.80606e+16
AL_3,294.0,,,,9075180472576926.0,1.237902271971264e+16,4.28644e-07,67034973323.25,4701790000000000.0,1.26e+16,6.72608e+16
AL_4,294.0,,,,7108730023428300.0,9852745481001098.0,3.06609e-15,2181340241.25,4022525000000000.0,9329152500000000.0,6.42165e+16
AL_5,294.0,,,,7549281815106819.0,1.0860665178092906e+16,7.12733e-11,20500952202.5,4252775000000000.0,9507870000000000.0,5.69424e+16
AL_6,294.0,,,,7532068401897808.0,1.101914906744941e+16,6.57309e-11,1644656914.0,3276245000000000.0,9869507500000000.0,6.86022e+16
AL_7,1787.0,,,,7383028231326425.0,1.1710260333016686e+16,1.08655e-05,25827388127.0,1646530000000000.0,9999105000000000.0,7.69525e+16
AL_8,1787.0,,,,6639797168492757.0,1.0739711027094206e+16,1.1742200000000001e-23,4388815610.5,1663460000000000.0,9100485000000000.0,7.78038e+16
AL_9,1787.0,,,,7735903562237465.0,1.2008726956156916e+16,5.22097e-19,7751074172.5,2600420000000000.0,1.00761e+16,7.72388e+16
AL_10,1787.0,,,,6892823862396695.0,1.1366518613329504e+16,1.21652e-17,1041836920.0,651097000000000.0,8997300000000000.0,7.55818e+16
AL_11,1787.0,,,,7072735866358966.0,1.1226605949756158e+16,1.4752e-20,2441753426.0,1232610000000000.0,1.001695e+16,7.13626e+16
AL_12,1787.0,,,,6225286721945449.0,1.0536119564155358e+16,1.00668e-16,831812514.0999999,648031000000000.0,8039685000000000.0,6.61776e+16
AL_13,1787.0,,,,6998346809547769.0,1.0945349270910866e+16,2.36635e-15,17291326161.0,1685730000000000.0,9153500000000000.0,7.37642e+16
AL_14,1787.0,,,,7167896918656508.0,1.1047344494158862e+16,1.64986e-12,15195703359.0,2284750000000000.0,1.000118e+16,6.47449e+16
AL_15,1787.0,,,,6247051066038897.0,1.0788551742864114e+16,4.7877899999999994e-20,7215021701.0,493471000000000.0,8354585000000000.0,7.79655e+16
AL_16,1056.0,,,,8099783618654911.0,1.1420968303341018e+16,0.031095412,118835250000.0,3465970000000000.0,1.14752e+16,7.62626e+16
AL_17,1056.0,,,,8589386404353174.0,1.2195598468380838e+16,3.75644e-26,43451057635.75,3775525000000000.0,1.2693825e+16,7.6098e+16
AL_18,1056.0,,,,6716547688228336.0,1.0706905121251624e+16,9.91124e-18,221389723.70000002,1106685000000000.0,9284777500000000.0,6.89693e+16
AL_19,1056.0,,,,7582314389898903.0,1.1378638735008236e+16,1.05628e-10,8859869783.75,2650425000000000.0,1.0818975e+16,7.5888e+16
AL_20,1055.0,,,,6296999073858558.0,1.0134801909066702e+16,5.5494400000000004e-18,663339020.2,798245000000000.0,8854680000000000.0,5.97974e+16
AL_21,1055.0,,,,7105681569854047.0,1.096950824025788e+16,1.57157e-17,1414891818.0,1962080000000000.0,9995885000000000.0,7.60306e+16
AL_22,1055.0,,,,7037970107324622.0,1.1207863755465488e+16,3.84552e-20,580308697.0,1402580000000000.0,9371930000000000.0,7.04164e+16
AL_23,1056.0,,,,8304663001201451.0,1.1875998855406696e+16,8.41033e-38,132300000000.0,3272865000000000.0,1.19096e+16,7.0196e+16
AL_24,1055.0,,,,7848703705410318.0,1.2370241350738868e+16,2.49302e-20,572894094.6500001,2582140000000000.0,9693160000000000.0,6.98816e+16
AL_25,1055.0,,,,6703704258823767.0,1.0620933179720176e+16,6.093309999999999e-39,291942799.35,938227000000000.0,9116365000000000.0,6.74565e+16
AL_26,1846.0,,,,8812586035859221.0,1.2010807207935456e+16,4.14337e-21,159307500000.0,4487910000000000.0,1.2600225e+16,7.59277e+16
CAT_1,1846,30,gnomADe_NFE,454,,,,,,,
AL_27,252.0,,,,90095000000005.72,817171321583622.4,0.0,0.0,10.0,10.0,8762160000000000.0
AL_28,252.0,,,,1.3622930182903788e+16,1.18953241144641e+16,74241754379.0,4884082500000000.0,1.074745e+16,1.86536e+16,7.17178e+16
AL_29,252.0,,,,198999996031751.9,2893541611489986.5,0.0,0.0,10.0,10.0,4.57972e+16
AL_30,252.0,,,,8446458827808620.0,1.130337655719389e+16,3.28664e-11,7143614601.25,4042650000000000.0,1.23069e+16,4.95831e+16
AL_31,252.0,,,,655862261904766.8,3795560587437644.0,0.0,0.0,10.0,10.0,4.26636e+16
AL_32,252.0,,,,9165506573614608.0,1.225505473542822e+16,0.006721123,5094784395.75,4540840000000000.0,1.2968325e+16,7.16568e+16
AL_33,252.0,,,,501040873015877.75,3119207151428889.5,0.0,0.0,10.0,10.0,3.16241e+16
AL_34,252.0,,,,6614380968222689.0,9961611896073950.0,8.55346e-13,854879282.9000001,2041900000000000.0,9172032500000000.0,6.06652e+16
AL_35,252.0,,,,511603857142862.4,3730837802637410.5,0.0,0.0,10.0,10.0,4.36271e+16
AL_36,252.0,,,,8641406639754861.0,1.035356456340975e+16,0.0,191519250000.0,5293895000000000.0,1.1771075e+16,5.40374e+16
AL_37,252.0,,,,440447726190481.56,2765589326769067.5,0.0,0.0,10.0,10.0,2.76929e+16
AL_38,252.0,,,,8269631384572483.0,1.1741541836021296e+16,1.90233e-13,1730645346.5,3453055000000000.0,1.183315e+16,6.44173e+16
AL_39,1514.0,,,,8084550858657.715,244976855926607.25,0.0,0.0,10.0,10.0,8947610000000000.0
AL_40,1514.0,,,,7388877352043095.0,1.1293381972708046e+16,3.37046e-16,4489360627.0,2376710000000000.0,1.0146025e+16,7.27642e+16
AL_41,1514.0,,,,9.88110964332893,1.0842255760075976,0.0,10.0,10.0,10.0,10.0
AL_42,1514.0,,,,4.986789960369881,5.001634617086069,0.0,0.0,0.0,10.0,10.0
AL_43,1514.0,,,,7525655789835095.0,1.1705118052909466e+16,3.44896e-18,1906363751.5,1941610000000000.0,1.0573975e+16,7.45017e+16
AL_44,1514.0,,,,9.894319682959049,1.0229007485368278,0.0,10.0,10.0,10.0,10.0
AL_45,1514.0,,,,519030370475566.0,3200050345637826.5,0.0,0.0,10.0,10.0,4.81434e+16
AL_46,1514.0,,,,6814595174769579.0,1.0950878483485784e+16,1.8067000000000003e-25,387634823.27500004,1345615000000000.0,8820622500000000.0,7.47248e+16
AL_47,1514.0,,,,25567608982836.754,841425800085976.9,0.0,10.0,10.0,10.0,3.20626e+16
AL_48,1514.0,,,,109953738441220.3,1637672065720546.0,0.0,0.0,10.0,10.0,4.77051e+16
AL_49,1514.0,,,,6495820728481654.0,1.0892824131093298e+16,1.1420499999999999e-27,296236197.475,603533500000000.0,8446390000000000.0,6.80288e+16
AL_50,1514.0,,,,3615521796573.6196,140680505977975.6,0.0,10.0,10.0,10.0,5473900000000000.0
AL_51,1514.0,,,,64825799207402.586,1203349104185703.5,0.0,0.0,10.0,10.0,4.03558e+16
AL_52,1514.0,,,,6510609584254944.0,1.084920805880323e+16,2.86861e-15,439369853.8,649701500000000.0,8991945000000000.0,7.39879e+16
AL_53,1514.0,,,,29056208718634.26,703393248142608.2,0.0,10.0,10.0,10.0,2.49823e+16
AL_54,1514.0,,,,4.986789960369881,5.0016346170860695,0.0,0.0,0.0,10.0,10.0
AL_55,1514.0,,,,7437197296382267.0,1.1243218263007498e+16,4.27597e-09,23052369282.75,2092765000000000.0,1.03456e+16,7.62803e+16
AL_56,1514.0,,,,9.062087186261559,2.916344510460926,0.0,10.0,10.0,10.0,10.0
AL_57,1514.0,,,,173560107001326.0,1797578047470929.2,0.0,0.0,10.0,10.0,3.84684e+16
AL_58,1514.0,,,,7351972521281420.0,1.1668004840033294e+16,1.32643e-17,654438363.15,1632960000000000.0,9567712500000000.0,6.68484e+16
AL_59,1514.0,,,,9.484808454425364,2.2112717604836245,0.0,10.0,10.0,10.0,10.0
AL_60,1514.0,,,,63058328269489.92,1312245270934041.8,0.0,0.0,10.0,10.0,3.99262e+16
AL_61,1514.0,,,,6886766311529249.0,1.106688302573841e+16,6.01258e-20,407588848.75,969845500000000.0,9510977500000000.0,7.36748e+16
AL_62,1514.0,,,,27594498018503.793,976793982804328.0,0.0,10.0,10.0,10.0,3.78012e+16
AL_63,1514.0,,,,20200759577284.055,447031095888595.8,0.0,0.0,10.0,10.0,1.33504e+16
AL_64,1514.0,,,,7871079833411584.0,1.1850985509661652e+16,1.36819e-22,3206483168.5,2921750000000000.0,1.10139e+16,7.63108e+16
AL_65,1514.0,,,,2289894319692.0874,89100138141917.64,0.0,10.0,10.0,10.0,3466900000000000.0
AL_66,1514.0,,,,332183137318366.7,2756352585847092.5,0.0,0.0,10.0,10.0,5.43579e+16
AL_67,1514.0,,,,6378250393483315.0,1.0763331124599522e+16,2.4939499999999998e-22,244619999.625,476284000000000.0,8078622500000000.0,7.80614e+16
AL_68,1514.0,,,,23827014531051.742,651584806831714.5,0.0,10.0,10.0,10.0,2.34205e+16
AL_69,1514.0,,,,119638770805817.4,1598672350406049.8,0.0,0.0,10.0,10.0,4.28757e+16
AL_70,1514.0,,,,6852459835489402.0,1.1649420852885524e+16,4.34572e-13,414345677.275,643631500000000.0,8603105000000000.0,7.68143e+16
AL_71,1514.0,,,,66112077278740.805,1666717845336767.8,0.0,10.0,10.0,10.0,4.98621e+16
AL_72,1514.0,,,,5.231175693527081,4.996303227390236,0.0,0.0,10.0,10.0,10.0
AL_73,1514.0,,,,7878059078356822.0,1.1857685508033366e+16,1.53975e-11,34882492983.5,2635265000000000.0,1.12951e+16,7.69793e+16
AL_74,1514.0,,,,9.42536327608983,2.3280334240289595,0.0,10.0,10.0,10.0,10.0
AL_75,1197.0,,,,5132197159570.635,177562154972645.0,0.0,0.0,10.0,10.0,6143240000000000.0
AL_76,1197.0,,,,7128399500104321.0,1.0795348162724834e+16,9.77979e-15,9034273657.0,1919010000000000.0,1.00048e+16,5.95351e+16
AL_77,1197.0,,,,7.60233918128655,4.271190869855007,0.0,10.0,10.0,10.0,10.0
AL_78,1197.0,,,,5.321637426900585,4.991729748139845,0.0,0.0,10.0,10.0,10.0
AL_79,1197.0,,,,7500092667044923.0,1.1190780588955832e+16,0.018342,55017098265.0,2597140000000000.0,1.07747e+16,6.84308e+16
AL_80,1197.0,,,,10.0,0.0,10.0,10.0,10.0,10.0,10.0
AL_81,1197.0,,,,11776390977448.79,289246716736451.1,0.0,0.0,10.0,10.0,7709360000000000.0
AL_82,1197.0,,,,7240031718537502.0,1.1181701058197144e+16,7.528640000000001e-23,28342088477.0,1515790000000000.0,1.05876e+16,6.45673e+16
AL_83,1197.0,,,,7.47702589807853,4.345125494394582,0.0,0.0,10.0,10.0,10.0
AL_84,1197.0,,,,64673860484549.91,1362479359715135.5,0.0,0.0,10.0,10.0,4.41476e+16
AL_85,1197.0,,,,6254099350299799.0,1.076791338528463e+16,8.3460799999999995e-22,1078150128.0,587714000000000.0,8336350000000000.0,7.78021e+16
AL_86,1197.0,,,,5.697577276524645,4.953168893281299,0.0,0.0,10.0,10.0,10.0
AL_87,1197.0,,,,2364352548042.1387,81801131268309.78,0.0,0.0,10.0,10.0,2830130000000000.0
AL_88,1197.0,,,,6829733766325983.0,1.0747030326690012e+16,3.62903e-10,35264676322.0,1886240000000000.0,9531230000000000.0,7.12473e+16
AL_89,1197.0,,,,8.788638262322474,3.264218381037539,0.0,10.0,10.0,10.0,10.0
AL_90,1197.0,,,,39565346700088.99,1141552038591990.2,0.0,0.0,10.0,10.0,3.84947e+16
AL_91,1197.0,,,,7540202086837329.0,1.0976463761470318e+16,3.63977e-16,30088705691.0,2857110000000000.0,1.15324e+16,5.94577e+16
AL_92,1197.0,,,,7.184628237259816,4.49936795631628,0.0,0.0,10.0,10.0,10.0
AL_93,1197.0,,,,5.213032581453634,4.9975476169537565,0.0,0.0,10.0,10.0,10.0
AL_94,1197.0,,,,8863355083213649.0,1.1883973160708504e+16,0.10512,200252000000.0,4588460000000000.0,1.29859e+16,7.55353e+16
AL_95,1197.0,,,,9.557226399331663,2.0579664102028556,0.0,10.0,10.0,10.0,10.0
CAT_2,1197,7,AllofUs_EUR,439,,,,,,,
AL_96,1197.0,,,,251557790643279.56,2616273679519896.0,0.0,0.0,0.0,10.0,4.00341e+16
AL_97,1197.0,,,,7234983956573430.0,1.163246024227201e+16,1.14325e-18,775831932.3,1382110000000000.0,1.01424e+16,7.58817e+16
AL_98,1197.0,,,,47136503759404.14,1000857158794205.4,0.0,0.0,10.0,10.0,2.61018e+16
CAT_3,2572,5,G/G,748,,,,,,,
CAT_4,2572,5,G/G,747,,,,,,,
EK_1,2572.0,,,,1.05987849668857e+16,1.5485060843796136e+16,617.0,4901220000000000.0,5408700000000000.0,5780892500000000.0,6.1632e+16
EK_2,2572.0,,,,9383307610691118.0,1.5413631162265372e+16,-5.50666e+16,4249570000000000.0,5211620000000000.0,5822460000000000.0,6.15017e+16
EK_3,1601.0,,,,1.110638377145534e+16,1.7121758656525546e+16,-7.38294e+16,3229110000000000.0,4614620000000000.0,2.46273e+16,7.01042e+16
AL_99,1486.0,,,,5.020188425302826,5.001642447222633,0.0,0.0,10.0,10.0,10.0
AL_100,1486.0,,,,7782992946905920.0,1.187526491103922e+16,3.13384e-16,14432369662.75,2693285000000000.0,1.06113e+16,7.62495e+16
AL_101,1486.0,,,,10.0,0.0,10.0,10.0,10.0,10.0,10.0
AL_102,1486.0,,,,5.329744279946164,4.990794576713591,0.0,0.0,10.0,10.0,10.0
AL_103,1486.0,,,,7307319418834856.0,1.1705674004991728e+16,0.0054747,23061378102.25,1880555000000000.0,9830017500000000.0,7.74864e+16
AL_104,1486.0,,,,10.0,0.0,10.0,10.0,10.0,10.0,10.0
AL_105,1486.0,,,,425645500000004.94,3452812783972759.0,0.0,0.0,10.0,10.0,4.93039e+16
AL_106,1486.0,,,,6485211055545406.0,1.129005662355625e+16,1.17092e-17,267020242.475,282491000000.0,8286657500000000.0,7.02528e+16
AL_107,1486.0,,,,10.0,0.0,10.0,10.0,10.0,10.0,10.0
AL_108,1486.0,,,,33667288021539.5,680951728511011.9,0.0,0.0,10.0,10.0,2.11983e+16
AL_109,1486.0,,,,6709982685616613.0,1.1463662628254832e+16,3.87824e-20,3757619008.0,961926500000000.0,8315635000000000.0,7.57455e+16
AL_110,1486.0,,,,10.0,0.0,10.0,10.0,10.0,10.0,10.0
AL_111,1486.0,,,,5.363391655450875,4.988455933119091,0.0,0.0,10.0,10.0,10.0
AL_112,1486.0,,,,7566250719489601.0,1.14927344940699e+16,0.0001026,23365218420.25,1991285000000000.0,1.0942525e+16,7.80952e+16
AL_113,1486.0,,,,10.0,0.0,10.0,10.0,10.0,10.0,10.0
AL_114,1486.0,,,,24585269851956.695,728712950942385.6,0.0,0.0,10.0,10.0,2.65922e+16
AL_115,1486.0,,,,6956192826676636.0,1.1777218651046122e+16,6.3831e-08,21291628130.5,867135500000000.0,8741100000000000.0,7.59852e+16
AL_116,1486.0,,,,10.0,0.0,10.0,10.0,10.0,10.0,10.0
AL_117,1486.0,,,,6881480484527.295,206597664856446.47,0.0,0.0,10.0,10.0,7476170000000000.0
AL_118,1486.0,,,,6645069415219842.0,1.0846449835364014e+16,7.81515e-20,8209786517.0,1111120000000000.0,9080172500000000.0,7.42892e+16
AL_119,1486.0,,,,10.0,0.0,10.0,10.0,10.0,10.0,10.0
AL_120,1486.0,,,,5.181695827725437,4.99837967863527,0.0,0.0,10.0,10.0,10.0
AL_121,1486.0,,,,6831281487215721.0,1.0600137071329758e+16,0.000587608,17494317451.5,1794955000000000.0,9771832500000000.0,7.1352e+16
AL_122,1486.0,,,,10.0,0.0,10.0,10.0,10.0,10.0,10.0
AL_123,1486.0,,,,229302310901754.84,2310417769854999.0,0.0,0.0,10.0,10.0,4.45341e+16
AL_124,1486.0,,,,6866448254740089.0,1.0474986389432094e+16,1.4727e-20,9721300989.5,1762375000000000.0,9821522500000000.0,7.12643e+16
AL_125,1486.0,,,,10.0,0.0,10.0,10.0,10.0,10.0,10.0
AL_126,1486.0,,,,54983560094218.05,1278815332279466.5,0.0,0.0,10.0,10.0,4.6239e+16
AL_127,1486.0,,,,6843564816742623.0,1.0522537736071048e+16,7.616710000000001e-19,11856164612.5,1586635000000000.0,9548120000000000.0,6.24971e+16
AL_128,1486.0,,,,10.0,0.0,10.0,10.0,10.0,10.0,10.0
AL_129,1486.0,,,,568475951547783.9,3615020578979809.5,0.0,0.0,10.0,10.0,4.57712e+16
AL_130,1486.0,,,,6951416353447189.0,1.1074457214442694e+16,4.2125600000000003e-19,5891257164.5,1174550000000000.0,9287580000000000.0,7.6807e+16
AL_131,1486.0,,,,10.0,0.0,10.0,10.0,10.0,10.0,10.0
AL_132,1486.0,,,,18644952893679.57,718738146234981.2,0.0,0.0,10.0,10.0,2.77064e+16
AL_133,1486.0,,,,6981618220739933.0,1.08150418009346e+16,0.001044,16953479787.5,1509440000000000.0,1.0176e+16,7.677e+16
AL_134,1486.0,,,,10.0,0.0,10.0,10.0,10.0,10.0,10.0
AL_135,1486.0,,,,5.5518169582772545,4.9711294500918815,0.0,0.0,10.0,10.0,10.0
AL_136,1486.0,,,,6975083152034680.0,1.1232954740930118e+16,5.11851e-32,8968225278.25,1454035000000000.0,9178215000000000.0,7.65787e+16
AL_137,1486.0,,,,10.0,0.0,10.0,10.0,10.0,10.0,10.0
AL_138,1486.0,,,,5.1547779273216685,4.999286216843685,0.0,0.0,10.0,10.0,10.0
AL_139,1486.0,,,,7324877545853361.0,1.15839361761154e+16,1.54884e-10,7820520683.5,1822125000000000.0,9945095000000000.0,7.78445e+16
AL_140,1486.0,,,,10.0,0.0,10.0,10.0,10.0,10.0,10.0
AL_141,1486.0,,,,52279321668915.016,1556316072246589.2,0.0,0.0,10.0,10.0,5.90568e+16
AL_142,1486.0,,,,7186158441347265.0,1.1626503403127252e+16,1.41628e-26,5308379009.0,1155010000000000.0,1.0001235e+16,7.67222e+16
AL_143,1486.0,,,,10.0,0.0,10.0,10.0,10.0,10.0,10.0
AL_144,1486.0,,,,5.370121130551817,4.9879608174714685,0.0,0.0,10.0,10.0,10.0
AL_145,1486.0,,,,7364426098149842.0,1.139813699564424e+16,4.34174e-11,24060742978.5,1783270000000000.0,1.0484975e+16,6.76522e+16
AL_146,1486.0,,,,10.0,0.0,10.0,10.0,10.0,10.0,10.0
AL_147,1486.0,,,,27834360699870.652,542386732114611.94,0.0,0.0,10.0,10.0,1.69597e+16
AL_148,1486.0,,,,7352590999375534.0,1.1495824978821446e+16,4.77434e-11,9132275211.25,2070775000000000.0,1.00153525e+16,7.78976e+16
AL_149,1486.0,,,,10.0,0.0,10.0,10.0,10.0,10.0,10.0
AL_150,1486.0,,,,84298317631229.98,1221596396657778.2,0.0,0.0,10.0,10.0,2.97914e+16
AL_151,1486.0,,,,7635983613931749.0,1.1643624930219106e+16,9.197340000000001e-24,10970551524.25,2233410000000000.0,1.0571925e+16,7.31518e+16
AL_152,1486.0,,,,10.0,0.0,10.0,10.0,10.0,10.0,10.0
AL_153,1486.0,,,,5.1278600269179,5.000047581920774,0.0,0.0,10.0,10.0,10.0
AL_154,1486.0,,,,6502651610568439.0,1.0683964365980788e+16,4.90352e-13,6205161266.5,798946000000000.0,8514205000000000.0,7.40702e+16
AL_155,1486.0,,,,10.0,0.0,10.0,10.0,10.0,10.0,10.0
AL_156,1486.0,,,,18385489905792.523,477104319208929.56,0.0,0.0,10.0,10.0,1.48402e+16
AL_157,1486.0,,,,7341973431665037.0,1.1680561385761326e+16,2.18461e-16,9758627191.75,1887025000000000.0,9749645000000000.0,7.54672e+16
AL_158,1486.0,,,,10.0,0.0,10.0,10.0,10.0,10.0,10.0
AL_159,1486.0,,,,27886009421270.19,767123951005893.5,0.0,0.0,10.0,10.0,2.78385e+16
AL_160,1486.0,,,,7133000689220303.0,1.1268240886386762e+16,2.69177e-11,11650687007.0,1574565000000000.0,1.0056575e+16,7.78616e+16
AL_161,1486.0,,,,10.0,0.0,10.0,10.0,10.0,10.0,10.0
AL_162,1486.0,,,,50594831763127.55,1319121614722751.2,0.0,0.0,10.0,10.0,4.56014e+16
AL_163,1486.0,,,,6790589495665807.0,1.097564582720904e+16,1.61062e-22,10940712080.5,1465735000000000.0,9433127500000000.0,7.75796e+16
AL_164,1486.0,,,,10.0,0.0,10.0,10.0,10.0,10.0,10.0
AL_165,1486.0,,,,3644828398390.141,124078689064861.88,0.0,0.0,10.0,10.0,4734730000000000.0
AL_166,1486.0,,,,7180004336047905.0,1.1455801340096388e+16,1.47979e-12,15806064290.75,1509855000000000.0,1.0027645e+16,7.29447e+16
AL_167,1486.0,,,,10.0,0.0,10.0,10.0,10.0,10.0,10.0
AL_168,1486.0,,,,66706076716021.26,1158307181510241.8,0.0,0.0,10.0,10.0,3.96603e+16
AL_169,1486.0,,,,6920054275765872.0,1.091598963015254e+16,3.48908e-19,6023957675.25,1626475000000000.0,9501900000000000.0,7.58286e+16
AL_170,1486.0,,,,10.0,0.0,10.0,10.0,10.0,10.0,10.0
AL_171,1486.0,,,,30306951547784.43,992737264090147.8,0.0,0.0,10.0,10.0,3.75305e+16
AL_172,1486.0,,,,6950800701761404.0,1.1119942288188336e+16,5.7140300000000006e-18,9022380041.5,1095955000000000.0,9506572500000000.0,7.24239e+16
AL_173,1486.0,,,,10.0,0.0,10.0,10.0,10.0,10.0,10.0
AL_174,1486.0,,,,89998236877528.75,1430317696232817.5,0.0,0.0,10.0,10.0,4.26082e+16
AL_175,1486.0,,,,6732765147929425.0,1.0943663741589134e+16,8.637170000000001e-26,8502418239.25,1836245000000000.0,9030992500000000.0,7.77017e+16
AL_176,1486.0,,,,10.0,0.0,10.0,10.0,10.0,10.0,10.0
AL_177,1486.0,,,,5.03364737550471,5.0015699643780716,0.0,0.0,10.0,10.0,10.0
AL_178,1486.0,,,,7070232636035681.0,1.1191775836144036e+16,4.28842e-13,17318707173.5,1665135000000000.0,9584467500000000.0,7.71669e+16
AL_179,1486.0,,,,10.0,0.0,10.0,10.0,10.0,10.0,10.0
AL_180,1486.0,,,,5976581426653.978,170722627958312.25,0.0,0.0,10.0,10.0,5836550000000000.0
AL_181,1486.0,,,,7447360881311547.0,1.1749533222978312e+16,9.72039e-12,12244323975.5,2091600000000000.0,9557542500000000.0,7.79636e+16
AL_182,1486.0,,,,10.0,0.0,10.0,10.0,10.0,10.0,10.0
AL_183,985.0,,,,5.482233502538071,4.979218916924313,0.0,0.0,10.0,10.0,10.0
AL_184,985.0,,,,7185288492666915.0,1.073113941259862e+16,340.020396,69032530953.0,2549770000000000.0,1.08992e+16,7.19468e+16
AL_185,985.0,,,,2646900.0,0.0,2646900.0,2646900.0,2646900.0,2646900.0,2646900.0
CAT_5,2572,5,G/G,748,,,,,,,
AL_186,2012.0,,,,9147053030397114.0,1.2060752530458256e+16,4.3886e-06,144509750000.0,4717075000000000.0,1.3266e+16,7.52e+16
AL_187,1041.0,,,,5992004803079.251,166317159824306.62,0.0,0.0,10.0,10.0,5281120000000000.0
AL_188,1041.0,,,,8399710074501445.0,1.2486279109797458e+16,5.71747e-26,45241539268.0,2879340000000000.0,1.21734e+16,7.61776e+16
AL_189,1041.0,,,,112140186359275.03,1101195908246819.2,0.0,0.0,10.0,10.0,2.45985e+16
AL_190,1041.0,,,,7057714292280724.0,1.0422409320322328e+16,4.39022e-14,2743412554.0,2268450000000000.0,1.03319e+16,6.43324e+16
AL_191,1041.0,,,,10.0,0.0,10.0,10.0,10.0,10.0,10.0
AL_192,1041.0,,,,342758437079735.7,3048662435147111.0,0.0,0.0,0.0,10.0,4.60311e+16
AL_193,1041.0,,,,16804931796355.072,312335290305140.06,0.0,0.0,10.0,10.0,7378300000000000.0
AL_194,1041.0,,,,6932823697756150.0,1.0671501727145082e+16,1.02782e-28,2027941226.0,1923620000000000.0,9887560000000000.0,6.5482e+16
AL_195,1041.0,,,,10.0,0.0,10.0,10.0,10.0,10.0,10.0
AL_196,1041.0,,,,153280572526421.9,1929573720248781.8,0.0,0.0,10.0,10.0,4.61509e+16
AL_197,1041.0,,,,10.0,0.0,10.0,10.0,10.0,10.0,10.0
AL_198,1041.0,,,,394010080691647.44,2727813832662005.0,0.0,0.0,10.0,10.0,4.29144e+16
AL_199,1041.0,,,,6988304312158326.0,1.1206616751186532e+16,8.97324e-16,394075607.2,1805170000000000.0,9365210000000000.0,7.13906e+16
AL_200,1041.0,,,,9.990393852065322,0.3099378636868719,0.0,10.0,10.0,10.0,10.0
AL_201,1041.0,,,,1008942409221906.2,4417772307181603.0,0.0,0.0,10.0,10.0,4.59302e+16
AL_202,1041.0,,,,181652363112396.9,2338130108015884.0,0.0,0.0,10.0,10.0,4.66394e+16
AL_203,1041.0,,,,6919127620153071.0,1.1279139306121678e+16,5.44499e-16,585701884.1,1556690000000000.0,9280150000000000.0,6.19715e+16
AL_204,1041.0,,,,9.990393852065322,0.3099378636868719,0.0,10.0,10.0,10.0,10.0
AL_205,1041.0,,,,395397858789630.1,3065870626582601.5,0.0,0.0,10.0,10.0,4.79956e+16
AL_206,1041.0,,,,62488826128727.734,1132393217880323.8,0.0,0.0,10.0,10.0,2.48988e+16
AL_207,1041.0,,,,6713274287223078.0,1.1809463747994622e+16,6.70208e-15,388953324.0,355909000000000.0,8558560000000000.0,7.73569e+16
AL_208,1041.0,,,,10.0,0.0,10.0,10.0,10.0,10.0,10.0
AL_209,1041.0,,,,235123405379447.72,2491001845820011.0,0.0,0.0,10.0,10.0,4.48656e+16
AL_210,1041.0,,,,21428338136412.56,691375293147668.1,0.0,0.0,10.0,10.0,2.23069e+16
AL_211,1041.0,,,,6968106206971104.0,1.1036371378937888e+16,6.768840000000001e-24,21204759886.0,1427780000000000.0,1.02364e+16,7.57091e+16
AL_212,1041.0,,,,10.0,0.0,10.0,10.0,10.0,10.0,10.0
AL_213,1041.0,,,,12436762728150.893,284964780115945.4,0.0,0.0,0.0,10.0,7108160000000000.0
AL_214,752.0,,,,14878750000005.465,350936200212716.94,0.0,0.0,10.0,10.0,9471390000000000.0
AL_215,752.0,,,,1.0069526541237246e+16,1.1497288879954404e+16,21.04578,1567825000000000.0,6485790000000000.0,1.3535925e+16,7.75334e+16
AL_216,752.0,,,,9.986702127659575,0.3646624787447364,0.0,10.0,10.0,10.0,10.0
AL_217,752.0,,,,149011236702132.7,2337553629791282.0,0.0,0.0,10.0,10.0,4.90253e+16
AL_218,1041.0,,,,10812084534106.764,260142645961892.0,0.0,0.0,0.0,10.0,7519920000000000.0
AL_219,1041.0,,,,6757065244635219.0,1.100269019261851e+16,1.39087e-18,2720047698.0,1643870000000000.0,8541790000000000.0,6.93705e+16
AL_220,1041.0,,,,10.0,0.0,10.0,10.0,10.0,10.0,10.0
AL_221,1041.0,,,,106700739673396.11,1411120898432317.8,0.0,0.0,10.0,10.0,3.43013e+16
AL_222,1041.0,,,,24564582132570.035,462201852657725.25,0.0,0.0,10.0,10.0,9693860000000000.0
CAT_6,67,3,segdup,63,,,,,,,
AL_223,1041.0,,,,15642939481273.074,504712115363612.5,0.0,0.0,10.0,10.0,1.62843e+16
AL_224,1041.0,,,,7999347221386914.0,1.176704129807809e+16,0.005475384,81668214861.0,3116000000000000.0,1.14287e+16,7.73011e+16
AL_225,1041.0,,,,20377877041311.527,397830160223275.4,0.0,0.0,10.0,10.0,9775410000000000.0
AL_226,1041.0,,,,7167107929687097.0,1.0477272691504692e+16,9.702420000000001e-18,4437798231.0,3137540000000000.0,1.05838e+16,7.47203e+16
AL_227,1041.0,,,,9.990393852065322,0.3099378636868719,0.0,10.0,10.0,10.0,10.0
AL_228,1041.0,,,,248778126801157.84,2670343470839048.5,0.0,0.0,10.0,10.0,4.56447e+16
AL_229,1041.0,,,,74027233429399.92,1629009468656204.2,0.0,0.0,10.0,10.0,4.74416e+16
AL_230,1041.0,,,,7389176087831878.0,1.1626341662475676e+16,2.80008e-12,16254182624.0,2266920000000000.0,1.0522e+16,7.80285e+16
AL_231,1041.0,,,,10.0,0.0,10.0,10.0,10.0,10.0,10.0
AL_232,1041.0,,,,97478416906825.22,1816128743432890.5,0.0,0.0,0.0,10.0,4.57655e+16
AL_233,1041.0,,,,10.0,0.0,10.0,10.0,10.0,10.0,10.0
AL_234,1041.0,,,,57848979827094.61,1120146550524700.1,0.0,0.0,10.0,10.0,3.34616e+16
AL_235,1041.0,,,,6741194806195983.0,1.1168612945695908e+16,1.85344e-23,1057311817.0,1310630000000000.0,8091520000000000.0,7.5373e+16
AL_236,1041.0,,,,10.0,0.0,10.0,10.0,10.0,10.0,10.0
AL_237,1041.0,,,,266086585014414.22,2554033907000634.5,0.0,0.0,10.0,10.0,4.74256e+16
AL_238,1041.0,,,,141538166186364.16,2007545658068611.2,0.0,0.0,0.0,10.0,4.08443e+16
AL_239,1041.0,,,,7060522009646573.0,1.146622546029508e+16,4.58072e-21,1518142985.0,1365980000000000.0,9691590000000000.0,7.52819e+16
AL_240,1041.0,,,,9.990393852065322,0.3099378636868719,0.0,10.0,10.0,10.0,10.0
AL_241,1041.0,,,,192218902017296.16,2199093420080306.8,0.0,0.0,10.0,10.0,4.44457e+16
AL_242,1041.0,,,,78030422670514.1,1936172701731784.8,0.0,0.0,10.0,10.0,6.13892e+16
AL_243,1041.0,,,,7029995771900950.0,1.1821809926107942e+16,2.8515700000000003e-18,256668277.8,239617000000000.0,8809080000000000.0,7.69572e+16
AL_244,1041.0,,,,10.0,0.0,10.0,10.0,10.0,10.0,10.0
AL_245,1041.0,,,,115739983669553.56,1591156423852816.5,0.0,0.0,10.0,10.0,4.3771e+16
AL_246,1041.0,,,,5.004803073967339,5.002400960522527,0.0,0.0,10.0,10.0,10.0
AL_247,1041.0,,,,7435428828008324.0,1.127427609028625e+16,4.1505400000000003e-19,52569989601.0,2327430000000000.0,1.05136e+16,7.06373e+16
AL_248,1041.0,,,,10.0,0.0,10.0,10.0,10.0,10.0,10.0
AL_249,1041.0,,,,18822776176758.25,397230363579493.75,0.0,0.0,10.0,10.0,1.20612e+16
AL_250,991.0,,,,86481584258330.45,1794878198728347.0,0.0,0.0,10.0,10.0,4.96102e+16
AL_251,991.0,,,,8291450455278370.0,1.1295270199129588e+16,8.791299,295259500000.0,4206350000000000.0,1.155345e+16,7.42871e+16
AL_252,991.0,,,,9.989909182643794,0.31766046899489797,0.0,10.0,10.0,10.0,10.0
AL_253,991.0,,,,4.96468213925328,5.002399815489962,0.0,0.0,0.0,10.0,10.0
AL_254,1041.0,,,,110826878001926.3,1735372080559646.5,0.0,0.0,10.0,10.0,4.14168e+16
AL_255,1041.0,,,,6667265607524702.0,1.1328556559522906e+16,2.7459e-18,4154934487.0,1030770000000000.0,8411480000000000.0,7.39148e+16
AL_256,1041.0,,,,10.0,0.0,10.0,10.0,10.0,10.0,10.0
AL_257,1041.0,,,,82869077809803.1,982957715546903.0,0.0,0.0,0.0,10.0,2.23031e+16
AL_258,1041.0,,,,4.899135446685879,5.001385310197529,0.0,0.0,0.0,10.0,10.0
AL_259,1041.0,,,,5.341018251681076,4.99075477186926,0.0,0.0,10.0,10.0,10.0
AL_260,1041.0,,,,7273807232660919.0,1.1455062757164974e+16,0.034479614,64991991673.0,1920040000000000.0,1.00262e+16,7.527e+16
AL_261,1041.0,,,,86013957732954.1,1627885536630232.0,0.0,0.0,10.0,10.0,4.88527e+16
AL_262,1041.0,,,,7948289633995235.0,1.1905193718102894e+16,2.8926e-16,6126930824.0,2815520000000000.0,1.07161e+16,6.36071e+16
AL_263,1041.0,,,,10.0,0.0,10.0,10.0,10.0,10.0,10.0
AL_264,1041.0,,,,159473717579255.56,2149652896452013.2,0.0,0.0,0.0,10.0,4.73869e+16
AL_265,1041.0,,,,28413216138333.973,456362706878126.5,0.0,0.0,10.0,10.0,8825870000000000.0
AL_266,1041.0,,,,6758855407583104.0,1.0794527297200292e+16,3.74663e-17,4251034993.0,1300320000000000.0,9360770000000000.0,7.37673e+16
AL_267,1041.0,,,,9.990393852065322,0.3099378636868719,0.0,10.0,10.0,10.0,10.0
AL_268,1041.0,,,,114320326609034.94,1412388599044557.0,0.0,0.0,10.0,10.0,2.57123e+16
AL_269,1041.0,,,,9.990393852065322,0.3099378636868719,0.0,10.0,10.0,10.0,10.0
AL_270,1041.0,,,,117264514889534.53,1483291929055222.8,0.0,0.0,10.0,10.0,3.26013e+16
AL_271,1041.0,,,,7582342088601465.0,1.1717393075996382e+16,6.01453e-11,627424883.3,1936770000000000.0,1.0455e+16,7.02899e+16
AL_272,1041.0,,,,10.0,0.0,10.0,10.0,10.0,10.0,10.0
AL_273,1041.0,,,,371062391594625.0,2688244360963435.0,0.0,0.0,0.0,10.0,4.66078e+16
AL_274,1041.0,,,,10631753122003.611,222457835070269.8,0.0,0.0,10.0,10.0,6466990000000000.0
AL_275,1040.0,,,,6767003045428265.0,1.1174589140107888e+16,7.94954e-14,955628229.1,946897500000000.0,8961097500000000.0,7.23716e+16
AL_276,1041.0,,,,10.0,0.0,10.0,10.0,10.0,10.0,10.0
AL_277,1041.0,,,,177652469740638.88,2161021657129622.5,0.0,0.0,10.0,10.0,4.54385e+16
AL_278,1041.0,,,,16732293948132.172,367543698692395.5,0.0,0.0,10.0,10.0,9428020000000000.0
AL_279,1041.0,,,,7337053159066629.0,1.1803419618985766e+16,1.11442e-13,787325257.7,1707230000000000.0,9143100000000000.0,6.65492e+16
AL_280,1041.0,,,,10.0,0.0,10.0,10.0,10.0,10.0,10.0
AL_281,1041.0,,,,126933023054759.97,1529000132098422.8,0.0,0.0,10.0,10.0,3.24583e+16
AL_282,1041.0,,,,5.437079731027858,4.983253563608195,0.0,0.0,10.0,10.0,10.0
AL_283,1041.0,,,,7282927412598489.0,1.142995226330606e+16,1.18083e-17,60465688323.0,2331310000000000.0,1.01728e+16,7.48403e+16
AL_284,1041.0,,,,10.0,0.0,10.0,10.0,10.0,10.0,10.0
AL_285,1041.0,,,,5458117195009.923,176103594768243.53,0.0,0.0,10.0,10.0,5681900000000000.0
AL_286,979.0,,,,31280316649648.04,756061475167675.2,0.0,0.0,10.0,10.0,2.20613e+16
AL_287,979.0,,,,9052034270596890.0,1.193185365345947e+16,10.05201,295610000000.0,4677440000000000.0,1.30417e+16,7.5962e+16
AL_288,979.0,,,,9.979570990806947,0.4517534796279606,0.0,10.0,10.0,10.0,10.0
AL_289,979.0,,,,25181402451486.047,547668561268365.94,0.0,0.0,0.0,10.0,1.59957e+16
AL_290,1041.0,,,,21093390970226.05,396765875325266.2,0.0,0.0,10.0,10.0,8767650000000000.0
AL_291,1041.0,,,,7240122774745817.0,1.1811878423744436e+16,4.27915e-20,11822795454.0,1543340000000000.0,9130570000000000.0,7.7921e+16
AL_292,1041.0,,,,10.0,0.0,10.0,10.0,10.0,10.0,10.0
AL_293,1041.0,,,,64372616042272.17,1332084800153170.2,0.0,0.0,10.0,10.0,4.10109e+16
AL_294,1041.0,,,,24887415946210.645,802980818482673.5,0.0,0.0,10.0,10.0,2.59078e+16
AL_295,1632.0,,,,5.122549019607843,5.000030054850101,0.0,0.0,10.0,10.0,10.0
AL_296,1632.0,,,,7006502104464739.0,1.0865904698508232e+16,0.0557559,22241673179.5,1663570000000000.0,9966752500000000.0,7.12233e+16
AL_297,1632.0,,,,23683425245103.402,478377767977620.1,0.0,0.0,10.0,10.0,1.29443e+16
AL_298,1632.0,,,,7116126483790712.0,1.1253639059163534e+16,4.27624e-22,8524548505.25,1802745000000000.0,9586685000000000.0,7.03131e+16
AL_299,1632.0,,,,10.0,0.0,10.0,10.0,10.0,10.0,10.0
AL_300,1632.0,,,,25537949142161.883,522690195725788.25,0.0,0.0,10.0,10.0,1.44942e+16
AL_301,1632.0,,,,790896831924023.9,4230731971817704.5,0.0,0.0,10.0,10.0,5.49943e+16
AL_302,1632.0,,,,7016465248487371.0,1.174355728789635e+16,1.833e-15,298731667.05,480128500000000.0,9054712500000000.0,7.39574e+16
AL_303,1632.0,,,,10.0,0.0,10.0,10.0,10.0,10.0,10.0
AL_304,1632.0,,,,2807168804534316.0,7386275892279784.0,0.0,0.0,10.0,564626750000000.0,6.19226e+16
AL_305,1632.0,,,,4.963235294117647,5.001397359468698,0.0,0.0,0.0,10.0,10.0
AL_306,1632.0,,,,6894498477193734.0,1.1132108506493852e+16,2.5836e-24,2951297030.0,958847000000000.0,9852317500000000.0,7.31066e+16
AL_307,1632.0,,,,10.0,0.0,10.0,10.0,10.0,10.0,10.0
AL_308,1632.0,,,,20032530637260.07,364716874186202.9,0.0,0.0,10.0,10.0,7983990000000000.0
AL_309,1632.0,,,,10.0,0.0,10.0,10.0,10.0,10.0,10.0
AL_310,1632.0,,,,61010523897063.86,1214864251445193.2,0.0,0.0,10.0,10.0,3.3279e+16
AL_311,1632.0,,,,6602915173633237.0,1.107699926072264e+16,5.71324e-30,437952238.45,706858500000000.0,8566360000000000.0,7.07305e+16
AL_312,1632.0,,,,10.0,0.0,10.0,10.0,10.0,10.0,10.0
AL_313,1632.0,,,,54874852022063.805,934332142338302.0,0.0,0.0,10.0,10.0,3.00198e+16
AL_314,1632.0,,,,31451035539220.86,940026936245860.8,0.0,0.0,10.0,10.0,3.64106e+16
AL_315,1632.0,,,,6857640467793225.0,1.1116338903105356e+16,3.4459299999999994e-20,2037578927.5,855613500000000.0,9562920000000000.0,7.13078e+16
AL_316,1632.0,,,,10.0,0.0,10.0,10.0,10.0,10.0,10.0
AL_317,1632.0,,,,123241368872553.95,2037526101172856.5,0.0,0.0,10.0,10.0,4.59667e+16
AL_318,1632.0,,,,9163235294122.635,370176560417259.3,0.0,0.0,0.0,10.0,1.49544e+16
AL_319,1632.0,,,,6876111267017874.0,1.1473039390993872e+16,4.63288e-20,738199494.425,400738500000000.0,9052005000000000.0,7.74096e+16
AL_320,1632.0,,,,10.0,0.0,10.0,10.0,10.0,10.0,10.0
AL_321,1632.0,,,,36800903799024.375,735661153466426.6,0.0,0.0,0.0,10.0,2.60166e+16
AL_322,1632.0,,,,5.104166666666667,5.000447047253788,0.0,0.0,10.0,10.0,10.0
AL_323,1632.0,,,,7087598073973912.0,1.0949426769478634e+16,6.28782e-19,15280937929.25,1791575000000000.0,9684752500000000.0,7.06322e+16
AL_324,1632.0,,,,10.0,0.0,10.0,10.0,10.0,10.0,10.0
AL_325,1632.0,,,,4.938725490196078,5.001156981346014,0.0,0.0,0.0,10.0,10.0
AL_326,1632.0,,,,5.214460784313726,4.996929696532135,0.0,0.0,10.0,10.0,10.0
AL_327,1632.0,,,,8475917556418194.0,1.2262409140944822e+16,0.7627302,88436581132.75,3446830000000000.0,1.207645e+16,7.62594e+16
AL_328,1632.0,,,,9.154411764705882,2.783093417979895,0.0,10.0,10.0,10.0,10.0
AL_329,1632.0,,,,5351868872554.081,180815179109280.5,0.0,0.0,10.0,10.0,7126410000000000.0
AL_330,1632.0,,,,24711715686279.676,511210653349932.2,0.0,0.0,10.0,10.0,1.37684e+16
AL_331,1632.0,,,,6313425548632639.0,1.092330360287814e+16,4.54205e-20,4034283653.25,204401000000000.0,7943112500000000.0,7.28415e+16
AL_332,1632.0,,,,10.0,0.0,10.0,10.0,10.0,10.0,10.0
AL_333,1632.0,,,,72869878063730.55,1449839409213925.0,0.0,0.0,10.0,10.0,4.14714e+16
AL_334,1632.0,,,,5.018382352941177,5.001498765524191,0.0,0.0,10.0,10.0,10.0
EK_4,2572.0,,,,5064271618794716.0,6139057247762762.0,0.0,10.0,996261500000000.0,9732777500000000.0,6.2426e+16
EK_5,2572.0,,,,7225009400283827.0,7865091705277254.0,0.0,95726300000000.0,8537455000000000.0,9722832500000000.0,6.19048e+16
EK_6,2572.0,,,,4913972298409802.0,5880237640456261.0,0.0,10.0,975839000000000.0,9754367500000000.0,5.45614e+16
EK_7,2572.0,,,,1.014436281292575e+16,1.5163139749692288e+16,-4.93264e+16,4191872500000000.0,7603955000000000.0,9431797500000000.0,7.96684e+16
EK_8,2572.0,,,,4142824445998887.5,7534884015640852.0,-6.06369e+16,703429250000000.0,6080890000000000.0,6716145000000000.0,4.9795e+16
EK_9,2324.0,,,,9841617258813224.0,1.5041625634559194e+16,-5.87473e+16,3756522500000000.0,7764395000000000.0,1.1144925e+16,7.99852e+16
AA_1,2583,24,R,422,,,,,,,
AA_2,2581,25,R,259,,,,,,,
Label,2931.0,,,,0.7331968611395429,0.4423640900829569,0.0,0.0,1.0,1.0,1.0
